project,bug_id,mutant_no,status,killed
Lang,1,1,FAIL,1
Lang,1,2,FAIL,1
Lang,1,3,FAIL,1
Lang,1,4,FAIL,1
Lang,1,5,FAIL,1
Lang,1,6,FAIL,1
Lang,1,7,FAIL,1
Lang,1,8,FAIL,1
Lang,1,9,FAIL,1
Lang,1,10,FAIL,1
Lang,1,11,FAIL,1
Lang,1,12,FAIL,1
Lang,1,13,UNCOV,0
Lang,1,14,UNCOV,0
Lang,1,15,UNCOV,0
Lang,1,16,UNCOV,0
Lang,1,17,UNCOV,0
Lang,1,18,UNCOV,0
Lang,1,19,UNCOV,0
Lang,1,20,UNCOV,0
Lang,1,21,UNCOV,0
Lang,1,22,UNCOV,0
Lang,1,23,UNCOV,0
Lang,1,24,UNCOV,0
Lang,1,25,FAIL,1
Lang,1,26,FAIL,1
Lang,1,27,FAIL,1
Lang,1,28,FAIL,1
Lang,1,29,FAIL,1
Lang,1,30,FAIL,1
Lang,1,31,FAIL,1
Lang,1,32,FAIL,1
Lang,1,33,FAIL,1
Lang,1,34,FAIL,1
Lang,1,35,FAIL,1
Lang,1,36,FAIL,1
Lang,1,37,FAIL,1
Lang,1,38,FAIL,1
Lang,1,39,FAIL,1
Lang,1,40,FAIL,1
Lang,1,41,LIVE,0
Lang,1,42,FAIL,1
Lang,1,43,FAIL,1
Lang,1,44,LIVE,0
Lang,1,45,FAIL,1
Lang,1,46,FAIL,1
Lang,1,47,EXC,1
Lang,1,48,FAIL,1
Lang,1,49,FAIL,1
Lang,1,50,EXC,1
Lang,1,51,UNCOV,0
Lang,1,52,UNCOV,0
Lang,1,53,LIVE,0
Lang,1,54,UNCOV,0
Lang,1,55,UNCOV,0
Lang,1,56,LIVE,0
Lang,1,57,EXC,1
Lang,1,58,EXC,1
Lang,1,59,EXC,1
Lang,1,60,EXC,1
Lang,1,61,FAIL,1
Lang,1,62,EXC,1
Lang,1,63,EXC,1
Lang,1,64,EXC,1
Lang,1,65,EXC,1
Lang,1,66,EXC,1
Lang,1,67,LIVE,0
Lang,1,68,EXC,1
Lang,1,69,EXC,1
Lang,1,70,LIVE,0
Lang,1,71,LIVE,0
Lang,1,72,LIVE,0
Lang,1,73,EXC,1
Lang,1,74,EXC,1
Lang,1,75,EXC,1
Lang,1,76,LIVE,0
Lang,1,77,EXC,1
Lang,1,78,FAIL,1
Lang,1,79,FAIL,1
Lang,1,80,EXC,1
Lang,1,81,EXC,1
Lang,1,82,FAIL,1
Lang,1,83,EXC,1
Lang,1,84,EXC,1
Lang,1,85,EXC,1
Lang,1,86,EXC,1
Lang,1,87,FAIL,1
Lang,1,88,EXC,1
Lang,1,89,EXC,1
Lang,1,90,EXC,1
Lang,1,91,EXC,1
Lang,1,92,LIVE,0
Lang,1,93,EXC,1
Lang,1,94,LIVE,0
Lang,1,95,FAIL,1
Lang,1,96,EXC,1
Lang,1,97,FAIL,1
Lang,1,98,EXC,1
Lang,1,99,FAIL,1
Lang,1,100,EXC,1
Lang,1,101,LIVE,0
Lang,1,102,EXC,1
Lang,1,103,EXC,1
Lang,1,104,EXC,1
Lang,1,105,FAIL,1
Lang,1,106,FAIL,1
Lang,1,107,FAIL,1
Lang,1,108,FAIL,1
Lang,1,109,EXC,1
Lang,1,110,EXC,1
Lang,1,111,EXC,1
Lang,1,112,FAIL,1
Lang,1,113,LIVE,0
Lang,1,114,EXC,1
Lang,1,115,FAIL,1
Lang,1,116,FAIL,1
Lang,1,117,EXC,1
Lang,1,118,LIVE,0
Lang,1,119,EXC,1
Lang,1,120,FAIL,1
Lang,1,121,FAIL,1
Lang,1,122,LIVE,0
Lang,1,123,EXC,1
Lang,1,124,EXC,1
Lang,1,125,FAIL,1
Lang,1,126,EXC,1
Lang,1,127,EXC,1
Lang,1,128,FAIL,1
Lang,1,129,EXC,1
Lang,1,130,EXC,1
Lang,1,131,EXC,1
Lang,1,132,EXC,1
Lang,1,133,EXC,1
Lang,1,134,EXC,1
Lang,1,135,EXC,1
Lang,1,136,FAIL,1
Lang,1,137,EXC,1
Lang,1,138,EXC,1
Lang,1,139,FAIL,1
Lang,1,140,EXC,1
Lang,1,141,FAIL,1
Lang,1,142,LIVE,0
Lang,1,143,LIVE,0
Lang,1,144,FAIL,1
Lang,1,145,EXC,1
Lang,1,146,LIVE,0
Lang,1,147,EXC,1
Lang,1,148,EXC,1
Lang,1,149,LIVE,0
Lang,1,150,LIVE,0
Lang,1,151,LIVE,0
Lang,1,152,EXC,1
Lang,1,153,FAIL,1
Lang,1,154,EXC,1
Lang,1,155,LIVE,0
Lang,1,156,EXC,1
Lang,1,157,EXC,1
Lang,1,158,LIVE,0
Lang,1,159,EXC,1
Lang,1,160,LIVE,0
Lang,1,161,EXC,1
Lang,1,162,EXC,1
Lang,1,163,EXC,1
Lang,1,164,FAIL,1
Lang,1,165,FAIL,1
Lang,1,166,FAIL,1
Lang,1,167,FAIL,1
Lang,1,168,FAIL,1
Lang,1,169,FAIL,1
Lang,1,170,LIVE,0
Lang,1,171,EXC,1
Lang,1,172,LIVE,0
Lang,1,173,LIVE,0
Lang,1,174,EXC,1
Lang,1,175,LIVE,0
Lang,1,176,EXC,1
Lang,1,177,EXC,1
Lang,1,178,FAIL,1
Lang,1,179,LIVE,0
Lang,1,180,LIVE,0
Lang,1,181,LIVE,0
Lang,1,182,EXC,1
Lang,1,183,LIVE,0
Lang,1,184,FAIL,1
Lang,1,185,LIVE,0
Lang,1,186,EXC,1
Lang,1,187,LIVE,0
Lang,1,188,EXC,1
Lang,1,189,FAIL,1
Lang,1,190,LIVE,0
Lang,1,191,EXC,1
Lang,1,192,LIVE,0
Lang,1,193,FAIL,1
Lang,1,194,EXC,1
Lang,1,195,EXC,1
Lang,1,196,LIVE,0
Lang,1,197,LIVE,0
Lang,1,198,LIVE,0
Lang,1,199,EXC,1
Lang,1,200,LIVE,0
Lang,1,201,EXC,1
Lang,1,202,EXC,1
Lang,1,203,LIVE,0
Lang,1,204,EXC,1
Lang,1,205,EXC,1
Lang,1,206,EXC,1
Lang,1,207,LIVE,0
Lang,1,208,EXC,1
Lang,1,209,LIVE,0
Lang,1,210,LIVE,0
Lang,1,211,LIVE,0
Lang,1,212,EXC,1
Lang,1,213,EXC,1
Lang,1,214,LIVE,0
Lang,1,215,LIVE,0
Lang,1,216,LIVE,0
Lang,1,217,LIVE,0
Lang,1,218,LIVE,0
Lang,1,219,LIVE,0
Lang,1,220,LIVE,0
Lang,1,221,EXC,1
Lang,1,222,EXC,1
Lang,1,223,LIVE,0
Lang,1,224,EXC,1
Lang,1,225,LIVE,0
Lang,1,226,FAIL,1
Lang,1,227,EXC,1
Lang,1,228,EXC,1
Lang,1,229,EXC,1
Lang,1,230,EXC,1
Lang,1,231,EXC,1
Lang,1,232,EXC,1
Lang,1,233,EXC,1
Lang,1,234,FAIL,1
Lang,1,235,LIVE,0
Lang,1,236,LIVE,0
Lang,1,237,LIVE,0
Lang,1,238,EXC,1
Lang,1,239,EXC,1
Lang,1,240,LIVE,0
Lang,1,241,EXC,1
Lang,1,242,LIVE,0
Lang,1,243,LIVE,0
Lang,1,244,EXC,1
Lang,1,245,EXC,1
Lang,1,246,LIVE,0
Lang,1,247,LIVE,0
Lang,1,248,EXC,1
Lang,1,249,EXC,1
Lang,1,250,EXC,1
Lang,1,251,LIVE,0
Lang,1,252,EXC,1
Lang,1,253,LIVE,0
Lang,1,254,LIVE,0
Lang,1,255,LIVE,0
Lang,1,256,EXC,1
Lang,1,257,EXC,1
Lang,1,258,LIVE,0
Lang,1,259,LIVE,0
Lang,1,260,EXC,1
Lang,1,261,LIVE,0
Lang,1,262,LIVE,0
Lang,1,263,FAIL,1
Lang,1,264,FAIL,1
Lang,1,265,LIVE,0
Lang,1,266,FAIL,1
Lang,1,267,FAIL,1
Lang,1,268,LIVE,0
Lang,1,269,FAIL,1
Lang,1,270,LIVE,0
Lang,1,271,FAIL,1
Lang,1,272,LIVE,0
Lang,1,273,FAIL,1
Lang,1,274,LIVE,0
Lang,1,275,FAIL,1
Lang,1,276,FAIL,1
Lang,1,277,FAIL,1
Lang,1,278,LIVE,0
Lang,1,279,FAIL,1
Lang,1,280,FAIL,1
Lang,1,281,LIVE,0
Lang,1,282,FAIL,1
Lang,1,283,LIVE,0
Lang,1,284,FAIL,1
Lang,1,285,LIVE,0
Lang,1,286,FAIL,1
Lang,1,287,LIVE,0
Lang,1,288,FAIL,1
Lang,1,289,LIVE,0
Lang,1,290,LIVE,0
Lang,1,291,LIVE,0
Lang,1,292,FAIL,1
Lang,1,293,FAIL,1
Lang,1,294,LIVE,0
Lang,1,295,LIVE,0
Lang,1,296,FAIL,1
Lang,1,297,LIVE,0
Lang,1,298,LIVE,0
Lang,1,299,LIVE,0
Lang,1,300,LIVE,0
Lang,1,301,LIVE,0
Lang,1,302,FAIL,1
Lang,1,303,LIVE,0
Lang,1,304,FAIL,1
Lang,1,305,LIVE,0
Lang,1,306,FAIL,1
Lang,1,307,LIVE,0
Lang,1,308,LIVE,0
Lang,1,309,LIVE,0
Lang,1,310,LIVE,0
Lang,1,311,LIVE,0
Lang,1,312,LIVE,0
Lang,1,313,FAIL,1
Lang,1,314,FAIL,1
Lang,1,315,EXC,1
Lang,1,316,FAIL,1
Lang,1,317,FAIL,1
Lang,1,318,EXC,1
Lang,1,319,FAIL,1
Lang,1,320,LIVE,0
Lang,1,321,LIVE,0
Lang,1,322,LIVE,0
Lang,1,323,FAIL,1
Lang,1,324,FAIL,1
Lang,1,325,FAIL,1
Lang,1,326,FAIL,1
Lang,1,327,FAIL,1
Lang,1,328,FAIL,1
Lang,1,329,FAIL,1
Lang,1,330,FAIL,1
Lang,1,331,FAIL,1
Lang,1,332,FAIL,1
Lang,1,333,LIVE,0
Lang,1,334,FAIL,1
Lang,1,335,LIVE,0
Lang,1,336,FAIL,1
Lang,1,337,LIVE,0
Lang,1,338,FAIL,1
Lang,1,339,FAIL,1
Lang,1,340,FAIL,1
Lang,1,341,FAIL,1
Lang,1,342,FAIL,1
Lang,1,343,FAIL,1
Lang,1,344,FAIL,1
Lang,1,345,FAIL,1
Lang,1,346,LIVE,0
Lang,1,347,LIVE,0
Lang,1,348,FAIL,1
Lang,1,349,FAIL,1
Lang,1,350,LIVE,0
Lang,1,351,LIVE,0
Lang,1,352,LIVE,0
Lang,1,353,LIVE,0
Lang,1,354,FAIL,1
Lang,1,355,LIVE,0
Lang,1,356,LIVE,0
Lang,1,357,FAIL,1
Lang,1,358,FAIL,1
Lang,1,359,LIVE,0
Lang,1,360,UNCOV,0
Lang,1,361,EXC,1
Lang,1,362,EXC,1
Lang,1,363,EXC,1
Lang,1,364,EXC,1
Lang,1,365,EXC,1
Lang,1,366,EXC,1
Lang,1,367,LIVE,0
Lang,1,368,EXC,1
Lang,1,369,FAIL,1
Lang,1,370,LIVE,0
Lang,1,371,EXC,1
Lang,1,372,LIVE,0
Lang,1,373,LIVE,0
Lang,1,374,LIVE,0
Lang,1,375,FAIL,1
Lang,1,376,LIVE,0
Lang,1,377,LIVE,0
Lang,1,378,LIVE,0
Lang,1,379,LIVE,0
Lang,1,380,EXC,1
Lang,1,381,EXC,1
Lang,1,382,EXC,1
Lang,1,383,EXC,1
Lang,1,384,EXC,1
Lang,1,385,FAIL,1
Lang,1,386,EXC,1
Lang,1,387,EXC,1
Lang,1,388,EXC,1
Lang,1,389,FAIL,1
Lang,1,390,EXC,1
Lang,1,391,FAIL,1
Lang,1,392,FAIL,1
Lang,1,393,FAIL,1
Lang,1,394,EXC,1
Lang,1,395,EXC,1
Lang,1,396,EXC,1
Lang,1,397,EXC,1
Lang,1,398,LIVE,0
Lang,1,399,LIVE,0
Lang,1,400,FAIL,1
Lang,1,401,EXC,1
Lang,1,402,EXC,1
Lang,1,403,EXC,1
Lang,1,404,EXC,1
Lang,1,405,EXC,1
Lang,1,406,EXC,1
Lang,1,407,EXC,1
Lang,1,408,FAIL,1
Lang,1,409,EXC,1
Lang,1,410,EXC,1
Lang,1,411,EXC,1
Lang,1,412,EXC,1
Lang,1,413,EXC,1
Lang,1,414,EXC,1
Lang,1,415,EXC,1
Lang,1,416,EXC,1
Lang,1,417,EXC,1
Lang,1,418,EXC,1
Lang,1,419,LIVE,0
Lang,1,420,EXC,1
Lang,1,421,FAIL,1
Lang,1,422,EXC,1
Lang,1,423,FAIL,1
Lang,1,424,EXC,1
Lang,1,425,EXC,1
Lang,1,426,EXC,1
Lang,1,427,EXC,1
Lang,1,428,FAIL,1
Lang,1,429,LIVE,0
Lang,1,430,FAIL,1
Lang,1,431,FAIL,1
Lang,1,432,EXC,1
Lang,1,433,LIVE,0
Lang,1,434,EXC,1
Lang,1,435,LIVE,0
Lang,1,436,EXC,1
Lang,1,437,EXC,1
Lang,1,438,EXC,1
Lang,1,439,EXC,1
Lang,1,440,LIVE,0
Lang,1,441,EXC,1
Lang,1,442,LIVE,0
Lang,1,443,EXC,1
Lang,1,444,FAIL,1
Lang,1,445,FAIL,1
Lang,1,446,LIVE,0
Lang,1,447,FAIL,1
Lang,1,448,FAIL,1
Lang,1,449,EXC,1
Lang,1,450,EXC,1
Lang,1,451,EXC,1
Lang,1,452,LIVE,0
Lang,1,453,EXC,1
Lang,1,454,LIVE,0
Lang,1,455,EXC,1
Lang,1,456,FAIL,1
Lang,1,457,FAIL,1
Lang,1,458,LIVE,0
Lang,1,459,FAIL,1
Lang,1,460,FAIL,1
Lang,1,461,EXC,1
Lang,1,462,EXC,1
Lang,1,463,EXC,1
Lang,1,464,LIVE,0
Lang,1,465,EXC,1
Lang,1,466,LIVE,0
Lang,1,467,EXC,1
Lang,1,468,FAIL,1
Lang,1,469,FAIL,1
Lang,1,470,LIVE,0
Lang,1,471,FAIL,1
Lang,1,472,FAIL,1
Lang,1,473,EXC,1
Lang,1,474,EXC,1
Lang,1,475,EXC,1
Lang,1,476,LIVE,0
Lang,1,477,EXC,1
Lang,1,478,LIVE,0
Lang,1,479,EXC,1
Lang,1,480,FAIL,1
Lang,1,481,FAIL,1
Lang,1,482,LIVE,0
Lang,1,483,FAIL,1
Lang,1,484,FAIL,1
Lang,1,485,EXC,1
Lang,1,486,EXC,1
Lang,1,487,EXC,1
Lang,1,488,LIVE,0
Lang,1,489,EXC,1
Lang,1,490,LIVE,0
Lang,1,491,EXC,1
Lang,1,492,FAIL,1
Lang,1,493,FAIL,1
Lang,1,494,FAIL,1
Lang,1,495,FAIL,1
Lang,1,496,LIVE,0
Lang,1,497,FAIL,1
Lang,1,498,FAIL,1
Lang,1,499,EXC,1
Lang,1,500,EXC,1
Lang,1,501,EXC,1
Lang,1,502,LIVE,0
Lang,1,503,EXC,1
Lang,1,504,LIVE,0
Lang,1,505,EXC,1
Lang,1,506,FAIL,1
Lang,1,507,LIVE,0
Lang,1,508,FAIL,1
Lang,1,509,FAIL,1
Lang,1,510,LIVE,0
Lang,1,511,FAIL,1
Lang,1,512,FAIL,1
Lang,1,513,EXC,1
Lang,1,514,EXC,1
Lang,1,515,EXC,1
Lang,1,516,LIVE,0
Lang,1,517,EXC,1
Lang,1,518,LIVE,0
Lang,1,519,EXC,1
Lang,1,520,FAIL,1
Lang,1,521,FAIL,1
Lang,1,522,LIVE,0
Lang,1,523,FAIL,1
Lang,1,524,FAIL,1
Lang,1,525,EXC,1
Lang,1,526,EXC,1
Lang,1,527,EXC,1
Lang,1,528,LIVE,0
Lang,1,529,EXC,1
Lang,1,530,LIVE,0
Lang,1,531,EXC,1
Lang,1,532,FAIL,1
Lang,1,533,FAIL,1
Lang,1,534,LIVE,0
Lang,1,535,FAIL,1
Lang,1,536,FAIL,1
Lang,1,537,EXC,1
Lang,1,538,EXC,1
Lang,1,539,EXC,1
Lang,1,540,LIVE,0
Lang,1,541,EXC,1
Lang,1,542,LIVE,0
Lang,1,543,EXC,1
Lang,1,544,FAIL,1
Lang,1,545,FAIL,1
Lang,1,546,LIVE,0
Lang,1,547,FAIL,1
Lang,1,548,FAIL,1
Lang,1,549,EXC,1
Lang,1,550,EXC,1
Lang,1,551,EXC,1
Lang,1,552,LIVE,0
Lang,1,553,EXC,1
Lang,1,554,LIVE,0
Lang,1,555,EXC,1
Lang,1,556,FAIL,1
Lang,1,557,FAIL,1
Lang,1,558,LIVE,0
Lang,1,559,FAIL,1
Lang,1,560,FAIL,1
Lang,1,561,EXC,1
Lang,1,562,EXC,1
Lang,1,563,EXC,1
Lang,1,564,LIVE,0
Lang,1,565,EXC,1
Lang,1,566,LIVE,0
Lang,1,567,EXC,1
Lang,1,568,FAIL,1
Lang,1,569,FAIL,1
Lang,1,570,FAIL,1
Lang,1,571,FAIL,1
Lang,1,572,LIVE,0
Lang,1,573,FAIL,1
Lang,1,574,FAIL,1
Lang,1,575,EXC,1
Lang,1,576,EXC,1
Lang,1,577,EXC,1
Lang,1,578,LIVE,0
Lang,1,579,EXC,1
Lang,1,580,LIVE,0
Lang,1,581,EXC,1
Lang,1,582,FAIL,1
Lang,1,583,FAIL,1
Lang,1,584,FAIL,1
Lang,1,585,FAIL,1
Lang,1,586,LIVE,0
Lang,1,587,FAIL,1
Lang,1,588,FAIL,1
Lang,1,589,EXC,1
Lang,1,590,EXC,1
Lang,1,591,EXC,1
Lang,1,592,LIVE,0
Lang,1,593,EXC,1
Lang,1,594,EXC,1
Lang,1,595,FAIL,1
Lang,1,596,LIVE,0
Lang,1,597,FAIL,1
Lang,1,598,FAIL,1
Lang,1,599,FAIL,1
Lang,1,600,LIVE,0
Lang,1,601,FAIL,1
Lang,1,602,FAIL,1
Lang,1,603,FAIL,1
Lang,1,604,LIVE,0
Lang,1,605,FAIL,1
Lang,1,606,FAIL,1
Lang,1,607,FAIL,1
Lang,1,608,LIVE,0
Lang,1,609,FAIL,1
Lang,1,610,FAIL,1
Lang,1,611,FAIL,1
Lang,1,612,LIVE,0
Lang,1,613,FAIL,1
Lang,1,614,FAIL,1
Lang,1,615,FAIL,1
Lang,1,616,LIVE,0
Lang,1,617,FAIL,1
Lang,1,618,FAIL,1
Lang,1,619,FAIL,1
Lang,1,620,LIVE,0
Lang,1,621,FAIL,1
Lang,1,622,FAIL,1
Lang,1,623,FAIL,1
Lang,1,624,LIVE,0
Lang,1,625,FAIL,1
Lang,1,626,FAIL,1
Lang,1,627,FAIL,1
Lang,1,628,LIVE,0
Lang,1,629,FAIL,1
Lang,1,630,FAIL,1
Lang,1,631,FAIL,1
Lang,1,632,LIVE,0
Lang,1,633,FAIL,1
Lang,1,634,FAIL,1
Lang,1,635,FAIL,1
Lang,1,636,LIVE,0
Lang,1,637,FAIL,1
Lang,1,638,FAIL,1
Lang,1,639,FAIL,1
Lang,1,640,LIVE,0
Lang,1,641,FAIL,1
Lang,1,642,FAIL,1
Lang,1,643,LIVE,0
Lang,1,644,LIVE,0
Lang,1,645,FAIL,1
Lang,1,646,FAIL,1
Lang,1,647,FAIL,1
Lang,1,648,LIVE,0
Lang,1,649,FAIL,1
Lang,1,650,FAIL,1
Lang,1,651,LIVE,0
Lang,1,652,LIVE,0
Lang,1,653,FAIL,1
Lang,1,654,FAIL,1
Lang,1,655,FAIL,1
Lang,1,656,LIVE,0
Lang,1,657,FAIL,1
Lang,1,658,FAIL,1
Lang,1,659,EXC,1
Lang,1,660,EXC,1
Lang,1,661,FAIL,1
Lang,1,662,LIVE,0
Lang,1,663,EXC,1
Lang,1,664,LIVE,0
Lang,1,665,EXC,1
Lang,1,666,FAIL,1
Lang,1,667,EXC,1
Lang,1,668,FAIL,1
Lang,1,669,FAIL,1
Lang,1,670,EXC,1
Lang,1,671,EXC,1
Lang,1,672,FAIL,1
Lang,1,673,FAIL,1
Lang,1,674,FAIL,1
Lang,1,675,FAIL,1
Lang,1,676,FAIL,1
Lang,1,677,FAIL,1
Lang,1,678,FAIL,1
Lang,1,679,EXC,1
Lang,1,680,FAIL,1
Lang,1,681,FAIL,1
Lang,1,682,FAIL,1
Lang,1,683,FAIL,1
Lang,1,684,EXC,1
Lang,1,685,FAIL,1
Lang,1,686,EXC,1
Lang,1,687,EXC,1
Lang,1,688,EXC,1
Lang,1,689,EXC,1
Lang,1,690,EXC,1
Lang,1,691,EXC,1
Lang,1,692,EXC,1
Lang,1,693,LIVE,0
Lang,1,694,EXC,1
Lang,1,695,FAIL,1
Lang,1,696,LIVE,0
Lang,1,697,LIVE,0
Lang,1,698,FAIL,1
Lang,1,699,EXC,1
Lang,1,700,FAIL,1
Lang,1,701,LIVE,0
Lang,1,702,EXC,1
Lang,1,703,FAIL,1
Lang,1,704,EXC,1
Lang,1,705,FAIL,1
Lang,1,706,FAIL,1
Lang,1,707,EXC,1
Lang,1,708,FAIL,1
Lang,1,709,FAIL,1
Lang,1,710,LIVE,0
Lang,1,711,FAIL,1
Lang,1,712,FAIL,1
Lang,1,713,FAIL,1
Lang,1,714,FAIL,1
Lang,1,715,EXC,1
Lang,1,716,FAIL,1
Lang,1,717,EXC,1
Lang,1,718,FAIL,1
Lang,1,719,FAIL,1
Lang,1,720,EXC,1
Lang,1,721,FAIL,1
Lang,1,722,FAIL,1
Lang,1,723,LIVE,0
Lang,1,724,LIVE,0
Lang,1,725,UNCOV,0
Lang,1,726,LIVE,0
Lang,1,727,EXC,1
Lang,1,728,FAIL,1
Lang,1,729,FAIL,1
Lang,1,730,FAIL,1
Lang,1,731,FAIL,1
Lang,1,732,FAIL,1
Lang,1,733,LIVE,0
Lang,1,734,FAIL,1
Lang,1,735,LIVE,0
Lang,1,736,FAIL,1
Lang,1,737,FAIL,1
Lang,1,738,FAIL,1
Lang,1,739,LIVE,0
Lang,1,740,LIVE,0
Lang,1,741,FAIL,1
Lang,1,742,UNCOV,0
Lang,1,743,UNCOV,0
Lang,1,744,UNCOV,0
Lang,1,745,LIVE,0
Lang,1,746,LIVE,0
Lang,1,747,FAIL,1
Lang,1,748,LIVE,0
Lang,1,749,LIVE,0
Lang,1,750,FAIL,1
Lang,1,751,LIVE,0
Lang,1,752,FAIL,1
Lang,1,753,FAIL,1
Lang,1,754,FAIL,1
Lang,1,755,FAIL,1
Lang,1,756,FAIL,1
Lang,1,757,LIVE,0
Lang,1,758,FAIL,1
Lang,1,759,LIVE,0
Lang,1,760,FAIL,1
Lang,1,761,FAIL,1
Lang,1,762,FAIL,1
Lang,1,763,LIVE,0
Lang,1,764,FAIL,1
Lang,1,765,FAIL,1
Lang,1,766,FAIL,1
Lang,1,767,FAIL,1
Lang,1,768,FAIL,1
Lang,1,769,FAIL,1
Lang,1,770,LIVE,0
Lang,1,771,FAIL,1
Lang,1,772,FAIL,1
Lang,1,773,LIVE,0
Lang,1,774,LIVE,0
Lang,1,775,LIVE,0
Lang,1,776,LIVE,0
Lang,1,777,LIVE,0
Lang,1,778,LIVE,0
Lang,1,779,LIVE,0
Lang,1,780,LIVE,0
Lang,1,781,LIVE,0
Lang,1,782,LIVE,0
Lang,1,783,LIVE,0
Lang,1,784,LIVE,0
Lang,1,785,LIVE,0
Lang,1,786,EXC,1
Lang,1,787,LIVE,0
Lang,1,788,LIVE,0
Lang,1,789,EXC,1
Lang,1,790,LIVE,0
Lang,1,791,LIVE,0
Lang,1,792,FAIL,1
Lang,1,793,EXC,1
Lang,1,794,FAIL,1
Lang,1,795,FAIL,1
Lang,1,796,FAIL,1
Lang,1,797,LIVE,0
Lang,1,798,FAIL,1
Lang,1,799,FAIL,1
Lang,1,800,LIVE,0
Lang,1,801,FAIL,1
Lang,1,802,FAIL,1
Lang,1,803,FAIL,1
Lang,1,804,FAIL,1
Lang,1,805,FAIL,1
Lang,1,806,FAIL,1
Lang,1,807,FAIL,1
Lang,1,808,FAIL,1
Lang,1,809,FAIL,1
Lang,1,810,FAIL,1
Lang,1,811,LIVE,0
Lang,1,812,FAIL,1
Lang,1,813,FAIL,1
Lang,1,814,FAIL,1
Lang,1,815,FAIL,1
Lang,1,816,FAIL,1
Lang,1,817,FAIL,1
Lang,1,818,FAIL,1
Lang,1,819,LIVE,0
Lang,1,820,LIVE,0
Lang,1,821,FAIL,1
Lang,1,822,FAIL,1
Lang,1,823,FAIL,1
Lang,1,824,LIVE,0
Lang,1,825,FAIL,1
Lang,1,826,LIVE,0
Lang,1,827,FAIL,1
Lang,1,828,LIVE,0
Lang,1,829,FAIL,1
Lang,1,830,UNCOV,0
Lang,1,831,FAIL,1
Lang,1,832,LIVE,0
Lang,1,833,UNCOV,0
Lang,1,834,FAIL,1
Lang,1,835,FAIL,1
Lang,1,836,FAIL,1
Lang,1,837,FAIL,1
Lang,1,838,LIVE,0
Lang,1,839,LIVE,0
Lang,1,840,FAIL,1
Lang,1,841,LIVE,0
Lang,1,842,LIVE,0
Lang,1,843,FAIL,1
Lang,1,844,LIVE,0
Lang,1,845,FAIL,1
Lang,1,846,FAIL,1
Lang,1,847,LIVE,0
Lang,1,848,FAIL,1
Lang,1,849,FAIL,1
Lang,1,850,FAIL,1
Lang,1,851,FAIL,1
Lang,1,852,FAIL,1
Lang,1,853,FAIL,1
Lang,1,854,FAIL,1
Lang,1,855,FAIL,1
Lang,1,856,TIME,1
Lang,1,857,LIVE,0
Lang,1,858,LIVE,0
Lang,1,859,FAIL,1
Lang,1,860,FAIL,1
Lang,1,861,FAIL,1
Lang,1,862,FAIL,1
Lang,1,863,LIVE,0
Lang,1,864,FAIL,1
Lang,1,865,FAIL,1
Lang,1,866,LIVE,0
Lang,1,867,FAIL,1
Lang,1,868,FAIL,1
Lang,1,869,FAIL,1
Lang,1,870,FAIL,1
Lang,1,871,FAIL,1
Lang,1,872,LIVE,0
Lang,1,873,LIVE,0
Lang,1,874,FAIL,1
Lang,1,875,FAIL,1
Lang,1,876,LIVE,0
Lang,1,877,LIVE,0
Lang,1,878,LIVE,0
Lang,1,879,LIVE,0
Lang,1,880,FAIL,1
Lang,1,881,FAIL,1
Lang,1,882,FAIL,1
Lang,1,883,FAIL,1
Lang,1,884,FAIL,1
Lang,1,885,LIVE,0
Lang,1,886,LIVE,0
Lang,1,887,LIVE,0
Lang,1,888,FAIL,1
Lang,1,889,UNCOV,0
Lang,1,890,FAIL,1
Lang,1,891,FAIL,1
Lang,1,892,LIVE,0
Lang,1,893,FAIL,1
Lang,1,894,FAIL,1
Lang,1,895,FAIL,1
Lang,1,896,LIVE,0
Lang,1,897,FAIL,1
Lang,1,898,LIVE,0
Lang,1,899,FAIL,1
Lang,1,900,FAIL,1
Lang,1,901,FAIL,1
Lang,1,902,LIVE,0
Lang,1,903,LIVE,0
Lang,1,904,LIVE,0
Lang,1,905,FAIL,1
Lang,1,906,FAIL,1
Lang,1,907,FAIL,1
Lang,1,908,FAIL,1
Lang,1,909,FAIL,1
Lang,1,910,LIVE,0
Lang,1,911,FAIL,1
Lang,1,912,FAIL,1
Lang,1,913,FAIL,1
Lang,1,914,LIVE,0
Lang,1,915,FAIL,1
Lang,1,916,FAIL,1
Lang,1,917,FAIL,1
Lang,1,918,FAIL,1
Lang,1,919,FAIL,1
Lang,1,920,LIVE,0
Lang,1,921,FAIL,1
Lang,1,922,FAIL,1
Lang,1,923,FAIL,1
Lang,1,924,LIVE,0
Lang,1,925,FAIL,1
Lang,1,926,LIVE,0
Lang,1,927,FAIL,1
Lang,1,928,LIVE,0
Lang,1,929,FAIL,1
Lang,1,930,FAIL,1
Lang,1,931,LIVE,0
Lang,1,932,LIVE,0
Lang,1,933,FAIL,1
Lang,1,934,FAIL,1
Lang,1,935,FAIL,1
Lang,1,936,FAIL,1
Lang,1,937,UNCOV,0
Lang,1,938,UNCOV,0
Lang,1,939,UNCOV,0
Lang,1,940,UNCOV,0
Lang,10,1,LIVE,0
Lang,10,2,EXC,1
Lang,10,3,FAIL,1
Lang,10,4,FAIL,1
Lang,10,5,EXC,1
Lang,10,6,EXC,1
Lang,10,7,EXC,1
Lang,10,8,EXC,1
Lang,10,9,TIME,1
Lang,10,10,FAIL,1
Lang,10,11,EXC,1
Lang,10,12,FAIL,1
Lang,10,13,EXC,1
Lang,10,14,FAIL,1
Lang,10,15,FAIL,1
Lang,10,16,FAIL,1
Lang,10,17,EXC,1
Lang,10,18,FAIL,1
Lang,10,19,FAIL,1
Lang,10,20,FAIL,1
Lang,10,21,FAIL,1
Lang,10,22,LIVE,0
Lang,10,23,FAIL,1
Lang,10,24,FAIL,1
Lang,10,25,FAIL,1
Lang,10,26,LIVE,0
Lang,10,27,FAIL,1
Lang,10,28,LIVE,0
Lang,10,29,LIVE,0
Lang,10,30,LIVE,0
Lang,10,31,FAIL,1
Lang,10,32,LIVE,0
Lang,10,33,LIVE,0
Lang,10,34,LIVE,0
Lang,10,35,LIVE,0
Lang,10,36,LIVE,0
Lang,10,37,LIVE,0
Lang,10,38,LIVE,0
Lang,10,39,LIVE,0
Lang,10,40,LIVE,0
Lang,10,41,LIVE,0
Lang,10,42,LIVE,0
Lang,10,43,LIVE,0
Lang,10,44,LIVE,0
Lang,10,45,LIVE,0
Lang,10,46,LIVE,0
Lang,10,47,LIVE,0
Lang,10,48,LIVE,0
Lang,10,49,LIVE,0
Lang,10,50,LIVE,0
Lang,10,51,LIVE,0
Lang,10,52,LIVE,0
Lang,10,53,LIVE,0
Lang,10,54,EXC,1
Lang,10,55,EXC,1
Lang,10,56,EXC,1
Lang,10,57,EXC,1
Lang,10,58,FAIL,1
Lang,10,59,LIVE,0
Lang,10,60,LIVE,0
Lang,10,61,UNCOV,0
Lang,10,62,UNCOV,0
Lang,10,63,LIVE,0
Lang,10,64,LIVE,0
Lang,10,65,FAIL,1
Lang,10,66,FAIL,1
Lang,10,67,FAIL,1
Lang,10,68,FAIL,1
Lang,10,69,FAIL,1
Lang,10,70,LIVE,0
Lang,10,71,FAIL,1
Lang,10,72,FAIL,1
Lang,10,73,FAIL,1
Lang,10,74,FAIL,1
Lang,10,75,FAIL,1
Lang,10,76,LIVE,0
Lang,10,77,FAIL,1
Lang,10,78,FAIL,1
Lang,10,79,FAIL,1
Lang,10,80,EXC,1
Lang,10,81,LIVE,0
Lang,10,82,EXC,1
Lang,10,83,FAIL,1
Lang,10,84,EXC,1
Lang,10,85,LIVE,0
Lang,10,86,EXC,1
Lang,10,87,LIVE,0
Lang,10,88,EXC,1
Lang,10,89,LIVE,0
Lang,10,90,EXC,1
Lang,10,91,EXC,1
Lang,10,92,EXC,1
Lang,10,93,FAIL,1
Lang,10,94,EXC,1
Lang,10,95,EXC,1
Lang,10,96,EXC,1
Lang,10,97,EXC,1
Lang,10,98,EXC,1
Lang,10,99,EXC,1
Lang,10,100,UNCOV,0
Lang,10,101,LIVE,0
Lang,10,102,EXC,1
Lang,10,103,EXC,1
Lang,10,104,EXC,1
Lang,10,105,EXC,1
Lang,10,106,EXC,1
Lang,10,107,EXC,1
Lang,10,108,EXC,1
Lang,10,109,EXC,1
Lang,10,110,EXC,1
Lang,10,111,EXC,1
Lang,10,112,EXC,1
Lang,10,113,EXC,1
Lang,10,114,EXC,1
Lang,10,115,EXC,1
Lang,10,116,EXC,1
Lang,10,117,EXC,1
Lang,10,118,EXC,1
Lang,10,119,EXC,1
Lang,10,120,EXC,1
Lang,10,121,EXC,1
Lang,10,122,EXC,1
Lang,10,123,EXC,1
Lang,10,124,EXC,1
Lang,10,125,EXC,1
Lang,10,126,EXC,1
Lang,10,127,EXC,1
Lang,10,128,EXC,1
Lang,10,129,FAIL,1
Lang,10,130,FAIL,1
Lang,10,131,FAIL,1
Lang,10,132,FAIL,1
Lang,10,133,EXC,1
Lang,10,134,FAIL,1
Lang,10,135,FAIL,1
Lang,10,136,FAIL,1
Lang,10,137,FAIL,1
Lang,10,138,FAIL,1
Lang,10,139,FAIL,1
Lang,10,140,FAIL,1
Lang,10,141,FAIL,1
Lang,10,142,FAIL,1
Lang,10,143,FAIL,1
Lang,10,144,FAIL,1
Lang,10,145,LIVE,0
Lang,10,146,FAIL,1
Lang,10,147,FAIL,1
Lang,10,148,LIVE,0
Lang,10,149,LIVE,0
Lang,10,150,FAIL,1
Lang,10,151,UNCOV,0
Lang,10,152,UNCOV,0
Lang,10,153,UNCOV,0
Lang,10,154,UNCOV,0
Lang,10,155,UNCOV,0
Lang,10,156,UNCOV,0
Lang,10,157,EXC,1
Lang,10,158,EXC,1
Lang,10,159,EXC,1
Lang,10,160,EXC,1
Lang,10,161,EXC,1
Lang,10,162,EXC,1
Lang,10,163,EXC,1
Lang,10,164,EXC,1
Lang,10,165,EXC,1
Lang,10,166,LIVE,0
Lang,10,167,EXC,1
Lang,10,168,LIVE,0
Lang,10,169,LIVE,0
Lang,10,170,EXC,1
Lang,10,171,LIVE,0
Lang,10,172,EXC,1
Lang,10,173,EXC,1
Lang,10,174,LIVE,0
Lang,10,175,EXC,1
Lang,10,176,LIVE,0
Lang,10,177,LIVE,0
Lang,10,178,FAIL,1
Lang,10,179,FAIL,1
Lang,10,180,FAIL,1
Lang,10,181,LIVE,0
Lang,10,182,FAIL,1
Lang,10,183,FAIL,1
Lang,10,184,FAIL,1
Lang,10,185,FAIL,1
Lang,10,186,FAIL,1
Lang,10,187,FAIL,1
Lang,10,188,EXC,1
Lang,10,189,EXC,1
Lang,10,190,EXC,1
Lang,10,191,EXC,1
Lang,10,192,EXC,1
Lang,10,193,EXC,1
Lang,10,194,EXC,1
Lang,10,195,LIVE,0
Lang,10,196,LIVE,0
Lang,10,197,EXC,1
Lang,10,198,LIVE,0
Lang,10,199,EXC,1
Lang,10,200,FAIL,1
Lang,10,201,FAIL,1
Lang,10,202,UNCOV,0
Lang,10,203,EXC,1
Lang,10,204,LIVE,0
Lang,10,205,EXC,1
Lang,10,206,EXC,1
Lang,10,207,EXC,1
Lang,10,208,EXC,1
Lang,10,209,EXC,1
Lang,10,210,EXC,1
Lang,10,211,EXC,1
Lang,10,212,EXC,1
Lang,10,213,EXC,1
Lang,10,214,LIVE,0
Lang,10,215,LIVE,0
Lang,10,216,EXC,1
Lang,10,217,LIVE,0
Lang,10,218,EXC,1
Lang,10,219,EXC,1
Lang,10,220,LIVE,0
Lang,10,221,UNCOV,0
Lang,10,222,UNCOV,0
Lang,10,223,UNCOV,0
Lang,10,224,UNCOV,0
Lang,10,225,UNCOV,0
Lang,10,226,UNCOV,0
Lang,10,227,UNCOV,0
Lang,10,228,UNCOV,0
Lang,10,229,UNCOV,0
Lang,10,230,FAIL,1
Lang,10,231,EXC,1
Lang,10,232,EXC,1
Lang,10,233,EXC,1
Lang,10,234,EXC,1
Lang,10,235,FAIL,1
Lang,10,236,FAIL,1
Lang,10,237,FAIL,1
Lang,10,238,FAIL,1
Lang,10,239,FAIL,1
Lang,10,240,FAIL,1
Lang,10,241,LIVE,0
Lang,10,242,FAIL,1
Lang,10,243,FAIL,1
Lang,10,244,FAIL,1
Lang,10,245,LIVE,0
Lang,10,246,LIVE,0
Lang,10,247,LIVE,0
Lang,10,248,LIVE,0
Lang,10,249,LIVE,0
Lang,10,250,LIVE,0
Lang,10,251,LIVE,0
Lang,10,252,LIVE,0
Lang,10,253,LIVE,0
Lang,10,254,LIVE,0
Lang,10,255,LIVE,0
Lang,10,256,LIVE,0
Lang,10,257,EXC,1
Lang,10,258,LIVE,0
Lang,10,259,LIVE,0
Lang,10,260,EXC,1
Lang,10,261,EXC,1
Lang,10,262,EXC,1
Lang,10,263,EXC,1
Lang,10,264,EXC,1
Lang,10,265,EXC,1
Lang,10,266,EXC,1
Lang,10,267,LIVE,0
Lang,10,268,FAIL,1
Lang,10,269,LIVE,0
Lang,10,270,LIVE,0
Lang,10,271,FAIL,1
Lang,10,272,LIVE,0
Lang,10,273,FAIL,1
Lang,10,274,LIVE,0
Lang,10,275,FAIL,1
Lang,10,276,FAIL,1
Lang,10,277,LIVE,0
Lang,10,278,FAIL,1
Lang,10,279,FAIL,1
Lang,10,280,LIVE,0
Lang,10,281,FAIL,1
Lang,10,282,LIVE,0
Lang,10,283,FAIL,1
Lang,10,284,EXC,1
Lang,10,285,LIVE,0
Lang,10,286,UNCOV,0
Lang,10,287,LIVE,0
Lang,10,288,FAIL,1
Lang,10,289,FAIL,1
Lang,10,290,FAIL,1
Lang,10,291,FAIL,1
Lang,10,292,FAIL,1
Lang,10,293,FAIL,1
Lang,10,294,FAIL,1
Lang,10,295,FAIL,1
Lang,10,296,FAIL,1
Lang,10,297,FAIL,1
Lang,10,298,FAIL,1
Lang,10,299,EXC,1
Lang,10,300,FAIL,1
Lang,10,301,FAIL,1
Lang,10,302,FAIL,1
Lang,10,303,FAIL,1
Lang,11,1,LIVE,0
Lang,11,2,LIVE,0
Lang,11,3,FAIL,1
Lang,11,4,FAIL,1
Lang,11,5,EXC,1
Lang,11,6,EXC,1
Lang,11,7,LIVE,0
Lang,11,8,LIVE,0
Lang,11,9,FAIL,1
Lang,11,10,FAIL,1
Lang,11,11,LIVE,0
Lang,11,12,LIVE,0
Lang,11,13,FAIL,1
Lang,11,14,FAIL,1
Lang,11,15,EXC,1
Lang,11,16,FAIL,1
Lang,11,17,FAIL,1
Lang,11,18,EXC,1
Lang,11,19,FAIL,1
Lang,11,20,FAIL,1
Lang,11,21,FAIL,1
Lang,11,22,FAIL,1
Lang,11,23,LIVE,0
Lang,11,24,LIVE,0
Lang,11,25,EXC,1
Lang,11,26,EXC,1
Lang,11,27,LIVE,0
Lang,11,28,EXC,1
Lang,11,29,EXC,1
Lang,11,30,EXC,1
Lang,11,31,LIVE,0
Lang,11,32,EXC,1
Lang,11,33,LIVE,0
Lang,11,34,EXC,1
Lang,11,35,LIVE,0
Lang,11,36,EXC,1
Lang,11,37,EXC,1
Lang,11,38,EXC,1
Lang,11,39,EXC,1
Lang,11,40,LIVE,0
Lang,11,41,LIVE,0
Lang,11,42,EXC,1
Lang,11,43,EXC,1
Lang,11,44,EXC,1
Lang,11,45,LIVE,0
Lang,11,46,LIVE,0
Lang,11,47,EXC,1
Lang,11,48,FAIL,1
Lang,11,49,EXC,1
Lang,11,50,LIVE,0
Lang,11,51,LIVE,0
Lang,11,52,EXC,1
Lang,11,53,EXC,1
Lang,11,54,LIVE,0
Lang,11,55,LIVE,0
Lang,11,56,LIVE,0
Lang,11,57,LIVE,0
Lang,11,58,EXC,1
Lang,11,59,LIVE,0
Lang,11,60,LIVE,0
Lang,11,61,EXC,1
Lang,11,62,LIVE,0
Lang,11,63,LIVE,0
Lang,11,64,LIVE,0
Lang,11,65,EXC,1
Lang,11,66,LIVE,0
Lang,11,67,FAIL,1
Lang,11,68,LIVE,0
Lang,11,69,EXC,1
Lang,11,70,EXC,1
Lang,11,71,EXC,1
Lang,11,72,FAIL,1
Lang,11,73,EXC,1
Lang,11,74,FAIL,1
Lang,11,75,EXC,1
Lang,11,76,FAIL,1
Lang,11,77,LIVE,0
Lang,11,78,EXC,1
Lang,11,79,EXC,1
Lang,11,80,EXC,1
Lang,11,81,FAIL,1
Lang,11,82,FAIL,1
Lang,11,83,EXC,1
Lang,11,84,EXC,1
Lang,11,85,FAIL,1
Lang,11,86,LIVE,0
Lang,11,87,EXC,1
Lang,11,88,FAIL,1
Lang,11,89,TIME,1
Lang,11,90,FAIL,1
Lang,11,91,FAIL,1
Lang,11,92,FAIL,1
Lang,11,93,TIME,1
Lang,11,94,FAIL,1
Lang,11,95,FAIL,1
Lang,11,96,LIVE,0
Lang,11,97,TIME,1
Lang,11,98,TIME,1
Lang,11,99,FAIL,1
Lang,11,100,FAIL,1
Lang,11,101,TIME,1
Lang,11,102,FAIL,1
Lang,11,103,FAIL,1
Lang,11,104,LIVE,0
Lang,11,105,TIME,1
Lang,11,106,TIME,1
Lang,11,107,FAIL,1
Lang,11,108,TIME,1
Lang,11,109,TIME,1
Lang,11,110,FAIL,1
Lang,11,111,LIVE,0
Lang,11,112,TIME,1
Lang,11,113,FAIL,1
Lang,11,114,FAIL,1
Lang,11,115,LIVE,0
Lang,11,116,FAIL,1
Lang,11,117,FAIL,1
Lang,11,118,FAIL,1
Lang,11,119,FAIL,1
Lang,11,120,TIME,1
Lang,11,121,LIVE,0
Lang,11,122,EXC,1
Lang,11,123,LIVE,0
Lang,11,124,LIVE,0
Lang,11,125,LIVE,0
Lang,11,126,LIVE,0
Lang,11,127,FAIL,1
Lang,11,128,FAIL,1
Lang,11,129,FAIL,1
Lang,11,130,FAIL,1
Lang,11,131,EXC,1
Lang,11,132,EXC,1
Lang,11,133,FAIL,1
Lang,11,134,FAIL,1
Lang,11,135,FAIL,1
Lang,11,136,FAIL,1
Lang,11,137,FAIL,1
Lang,11,138,TIME,1
Lang,11,139,TIME,1
Lang,11,140,FAIL,1
Lang,11,141,LIVE,0
Lang,11,142,TIME,1
Lang,11,143,FAIL,1
Lang,11,144,FAIL,1
Lang,11,145,LIVE,0
Lang,11,146,FAIL,1
Lang,11,147,FAIL,1
Lang,11,148,FAIL,1
Lang,11,149,FAIL,1
Lang,11,150,TIME,1
Lang,11,151,LIVE,0
Lang,11,152,LIVE,0
Lang,11,153,LIVE,0
Lang,11,154,LIVE,0
Lang,11,155,LIVE,0
Lang,11,156,UNCOV,0
Lang,11,157,FAIL,1
Lang,11,158,FAIL,1
Lang,11,159,EXC,1
Lang,11,160,EXC,1
Lang,11,161,FAIL,1
Lang,11,162,FAIL,1
Lang,11,163,FAIL,1
Lang,11,164,FAIL,1
Lang,11,165,FAIL,1
Lang,11,166,FAIL,1
Lang,11,167,FAIL,1
Lang,11,168,TIME,1
Lang,11,169,TIME,1
Lang,11,170,FAIL,1
Lang,11,171,LIVE,0
Lang,11,172,TIME,1
Lang,11,173,FAIL,1
Lang,11,174,FAIL,1
Lang,11,175,LIVE,0
Lang,11,176,FAIL,1
Lang,11,177,LIVE,0
Lang,11,178,FAIL,1
Lang,11,179,LIVE,0
Lang,11,180,TIME,1
Lang,11,181,LIVE,0
Lang,11,182,FAIL,1
Lang,11,183,FAIL,1
Lang,11,184,EXC,1
Lang,11,185,EXC,1
Lang,11,186,FAIL,1
Lang,11,187,FAIL,1
Lang,11,188,EXC,1
Lang,11,189,LIVE,0
Lang,11,190,LIVE,0
Lang,11,191,EXC,1
Lang,11,192,EXC,1
Lang,11,193,FAIL,1
Lang,11,194,FAIL,1
Lang,11,195,EXC,1
Lang,11,196,LIVE,0
Lang,11,197,LIVE,0
Lang,11,198,LIVE,0
Lang,11,199,EXC,1
Lang,11,200,LIVE,0
Lang,11,201,TIME,1
Lang,3,1,FAIL,1
Lang,3,2,FAIL,1
Lang,3,3,FAIL,1
Lang,3,4,FAIL,1
Lang,3,5,FAIL,1
Lang,3,6,FAIL,1
Lang,3,7,FAIL,1
Lang,3,8,FAIL,1
Lang,3,9,FAIL,1
Lang,3,10,FAIL,1
Lang,3,11,FAIL,1
Lang,3,12,FAIL,1
Lang,3,13,UNCOV,0
Lang,3,14,UNCOV,0
Lang,3,15,UNCOV,0
Lang,3,16,UNCOV,0
Lang,3,17,UNCOV,0
Lang,3,18,UNCOV,0
Lang,3,19,UNCOV,0
Lang,3,20,UNCOV,0
Lang,3,21,UNCOV,0
Lang,3,22,UNCOV,0
Lang,3,23,UNCOV,0
Lang,3,24,UNCOV,0
Lang,3,25,FAIL,1
Lang,3,26,FAIL,1
Lang,3,27,FAIL,1
Lang,3,28,FAIL,1
Lang,3,29,FAIL,1
Lang,3,30,FAIL,1
Lang,3,31,FAIL,1
Lang,3,32,FAIL,1
Lang,3,33,FAIL,1
Lang,3,34,FAIL,1
Lang,3,35,FAIL,1
Lang,3,36,FAIL,1
Lang,3,37,FAIL,1
Lang,3,38,FAIL,1
Lang,3,39,FAIL,1
Lang,3,40,FAIL,1
Lang,3,41,LIVE,0
Lang,3,42,FAIL,1
Lang,3,43,FAIL,1
Lang,3,44,LIVE,0
Lang,3,45,FAIL,1
Lang,3,46,FAIL,1
Lang,3,47,EXC,1
Lang,3,48,FAIL,1
Lang,3,49,FAIL,1
Lang,3,50,EXC,1
Lang,3,51,UNCOV,0
Lang,3,52,UNCOV,0
Lang,3,53,LIVE,0
Lang,3,54,UNCOV,0
Lang,3,55,UNCOV,0
Lang,3,56,LIVE,0
Lang,3,57,EXC,1
Lang,3,58,EXC,1
Lang,3,59,EXC,1
Lang,3,60,EXC,1
Lang,3,61,FAIL,1
Lang,3,62,EXC,1
Lang,3,63,EXC,1
Lang,3,64,EXC,1
Lang,3,65,EXC,1
Lang,3,66,EXC,1
Lang,3,67,LIVE,0
Lang,3,68,EXC,1
Lang,3,69,EXC,1
Lang,3,70,EXC,1
Lang,3,71,EXC,1
Lang,3,72,FAIL,1
Lang,3,73,EXC,1
Lang,3,74,EXC,1
Lang,3,75,EXC,1
Lang,3,76,EXC,1
Lang,3,77,FAIL,1
Lang,3,78,EXC,1
Lang,3,79,FAIL,1
Lang,3,80,FAIL,1
Lang,3,81,LIVE,0
Lang,3,82,FAIL,1
Lang,3,83,EXC,1
Lang,3,84,EXC,1
Lang,3,85,EXC,1
Lang,3,86,FAIL,1
Lang,3,87,EXC,1
Lang,3,88,EXC,1
Lang,3,89,EXC,1
Lang,3,90,EXC,1
Lang,3,91,EXC,1
Lang,3,92,EXC,1
Lang,3,93,EXC,1
Lang,3,94,FAIL,1
Lang,3,95,EXC,1
Lang,3,96,EXC,1
Lang,3,97,FAIL,1
Lang,3,98,EXC,1
Lang,3,99,FAIL,1
Lang,3,100,LIVE,0
Lang,3,101,LIVE,0
Lang,3,102,FAIL,1
Lang,3,103,EXC,1
Lang,3,104,LIVE,0
Lang,3,105,EXC,1
Lang,3,106,EXC,1
Lang,3,107,LIVE,0
Lang,3,108,LIVE,0
Lang,3,109,LIVE,0
Lang,3,110,EXC,1
Lang,3,111,FAIL,1
Lang,3,112,EXC,1
Lang,3,113,LIVE,0
Lang,3,114,EXC,1
Lang,3,115,EXC,1
Lang,3,116,LIVE,0
Lang,3,117,EXC,1
Lang,3,118,LIVE,0
Lang,3,119,EXC,1
Lang,3,120,EXC,1
Lang,3,121,EXC,1
Lang,3,122,FAIL,1
Lang,3,123,FAIL,1
Lang,3,124,FAIL,1
Lang,3,125,FAIL,1
Lang,3,126,FAIL,1
Lang,3,127,FAIL,1
Lang,3,128,LIVE,0
Lang,3,129,EXC,1
Lang,3,130,LIVE,0
Lang,3,131,LIVE,0
Lang,3,132,EXC,1
Lang,3,133,LIVE,0
Lang,3,134,EXC,1
Lang,3,135,EXC,1
Lang,3,136,FAIL,1
Lang,3,137,LIVE,0
Lang,3,138,LIVE,0
Lang,3,139,LIVE,0
Lang,3,140,EXC,1
Lang,3,141,LIVE,0
Lang,3,142,FAIL,1
Lang,3,143,LIVE,0
Lang,3,144,EXC,1
Lang,3,145,LIVE,0
Lang,3,146,EXC,1
Lang,3,147,FAIL,1
Lang,3,148,LIVE,0
Lang,3,149,EXC,1
Lang,3,150,LIVE,0
Lang,3,151,FAIL,1
Lang,3,152,EXC,1
Lang,3,153,EXC,1
Lang,3,154,LIVE,0
Lang,3,155,LIVE,0
Lang,3,156,LIVE,0
Lang,3,157,EXC,1
Lang,3,158,LIVE,0
Lang,3,159,EXC,1
Lang,3,160,EXC,1
Lang,3,161,LIVE,0
Lang,3,162,EXC,1
Lang,3,163,EXC,1
Lang,3,164,EXC,1
Lang,3,165,LIVE,0
Lang,3,166,EXC,1
Lang,3,167,LIVE,0
Lang,3,168,LIVE,0
Lang,3,169,LIVE,0
Lang,3,170,EXC,1
Lang,3,171,EXC,1
Lang,3,172,LIVE,0
Lang,3,173,LIVE,0
Lang,3,174,LIVE,0
Lang,3,175,LIVE,0
Lang,3,176,LIVE,0
Lang,3,177,LIVE,0
Lang,3,178,LIVE,0
Lang,3,179,EXC,1
Lang,3,180,EXC,1
Lang,3,181,LIVE,0
Lang,3,182,EXC,1
Lang,3,183,LIVE,0
Lang,3,184,FAIL,1
Lang,3,185,EXC,1
Lang,3,186,EXC,1
Lang,3,187,EXC,1
Lang,3,188,EXC,1
Lang,3,189,EXC,1
Lang,3,190,EXC,1
Lang,3,191,EXC,1
Lang,3,192,FAIL,1
Lang,3,193,LIVE,0
Lang,3,194,LIVE,0
Lang,3,195,LIVE,0
Lang,3,196,EXC,1
Lang,3,197,EXC,1
Lang,3,198,LIVE,0
Lang,3,199,EXC,1
Lang,3,200,LIVE,0
Lang,3,201,LIVE,0
Lang,3,202,EXC,1
Lang,3,203,EXC,1
Lang,3,204,LIVE,0
Lang,3,205,LIVE,0
Lang,3,206,EXC,1
Lang,3,207,EXC,1
Lang,3,208,EXC,1
Lang,3,209,LIVE,0
Lang,3,210,EXC,1
Lang,3,211,LIVE,0
Lang,3,212,LIVE,0
Lang,3,213,LIVE,0
Lang,3,214,EXC,1
Lang,3,215,EXC,1
Lang,3,216,LIVE,0
Lang,3,217,LIVE,0
Lang,3,218,EXC,1
Lang,3,219,LIVE,0
Lang,3,220,LIVE,0
Lang,3,221,FAIL,1
Lang,3,222,FAIL,1
Lang,3,223,LIVE,0
Lang,3,224,FAIL,1
Lang,3,225,FAIL,1
Lang,3,226,LIVE,0
Lang,3,227,FAIL,1
Lang,3,228,LIVE,0
Lang,3,229,FAIL,1
Lang,3,230,LIVE,0
Lang,3,231,FAIL,1
Lang,3,232,LIVE,0
Lang,3,233,FAIL,1
Lang,3,234,FAIL,1
Lang,3,235,FAIL,1
Lang,3,236,LIVE,0
Lang,3,237,FAIL,1
Lang,3,238,FAIL,1
Lang,3,239,LIVE,0
Lang,3,240,FAIL,1
Lang,3,241,LIVE,0
Lang,3,242,FAIL,1
Lang,3,243,LIVE,0
Lang,3,244,FAIL,1
Lang,3,245,LIVE,0
Lang,3,246,FAIL,1
Lang,3,247,LIVE,0
Lang,3,248,LIVE,0
Lang,3,249,LIVE,0
Lang,3,250,FAIL,1
Lang,3,251,FAIL,1
Lang,3,252,LIVE,0
Lang,3,253,LIVE,0
Lang,3,254,FAIL,1
Lang,3,255,LIVE,0
Lang,3,256,LIVE,0
Lang,3,257,LIVE,0
Lang,3,258,LIVE,0
Lang,3,259,LIVE,0
Lang,3,260,FAIL,1
Lang,3,261,LIVE,0
Lang,3,262,FAIL,1
Lang,3,263,LIVE,0
Lang,3,264,FAIL,1
Lang,3,265,LIVE,0
Lang,3,266,LIVE,0
Lang,3,267,LIVE,0
Lang,3,268,LIVE,0
Lang,3,269,LIVE,0
Lang,3,270,LIVE,0
Lang,3,271,FAIL,1
Lang,3,272,FAIL,1
Lang,3,273,EXC,1
Lang,3,274,FAIL,1
Lang,3,275,FAIL,1
Lang,3,276,EXC,1
Lang,3,277,FAIL,1
Lang,3,278,LIVE,0
Lang,3,279,LIVE,0
Lang,3,280,LIVE,0
Lang,3,281,FAIL,1
Lang,3,282,FAIL,1
Lang,3,283,FAIL,1
Lang,3,284,FAIL,1
Lang,3,285,FAIL,1
Lang,3,286,FAIL,1
Lang,3,287,FAIL,1
Lang,3,288,FAIL,1
Lang,3,289,FAIL,1
Lang,3,290,FAIL,1
Lang,3,291,LIVE,0
Lang,3,292,FAIL,1
Lang,3,293,LIVE,0
Lang,3,294,FAIL,1
Lang,3,295,LIVE,0
Lang,3,296,FAIL,1
Lang,3,297,FAIL,1
Lang,3,298,FAIL,1
Lang,3,299,FAIL,1
Lang,3,300,FAIL,1
Lang,3,301,FAIL,1
Lang,3,302,FAIL,1
Lang,3,303,FAIL,1
Lang,3,304,LIVE,0
Lang,3,305,LIVE,0
Lang,3,306,FAIL,1
Lang,3,307,FAIL,1
Lang,3,308,LIVE,0
Lang,3,309,LIVE,0
Lang,3,310,LIVE,0
Lang,3,311,LIVE,0
Lang,3,312,FAIL,1
Lang,3,313,LIVE,0
Lang,3,314,LIVE,0
Lang,3,315,FAIL,1
Lang,3,316,FAIL,1
Lang,3,317,LIVE,0
Lang,3,318,UNCOV,0
Lang,3,319,EXC,1
Lang,3,320,EXC,1
Lang,3,321,EXC,1
Lang,3,322,EXC,1
Lang,3,323,EXC,1
Lang,3,324,EXC,1
Lang,3,325,LIVE,0
Lang,3,326,EXC,1
Lang,3,327,FAIL,1
Lang,3,328,LIVE,0
Lang,3,329,EXC,1
Lang,3,330,LIVE,0
Lang,3,331,LIVE,0
Lang,3,332,LIVE,0
Lang,3,333,FAIL,1
Lang,3,334,LIVE,0
Lang,3,335,LIVE,0
Lang,3,336,LIVE,0
Lang,3,337,LIVE,0
Lang,3,338,EXC,1
Lang,3,339,EXC,1
Lang,3,340,EXC,1
Lang,3,341,EXC,1
Lang,3,342,EXC,1
Lang,3,343,FAIL,1
Lang,3,344,EXC,1
Lang,3,345,EXC,1
Lang,3,346,EXC,1
Lang,3,347,FAIL,1
Lang,3,348,EXC,1
Lang,3,349,FAIL,1
Lang,3,350,FAIL,1
Lang,3,351,FAIL,1
Lang,3,352,EXC,1
Lang,3,353,EXC,1
Lang,3,354,EXC,1
Lang,3,355,EXC,1
Lang,3,356,LIVE,0
Lang,3,357,LIVE,0
Lang,3,358,FAIL,1
Lang,3,359,EXC,1
Lang,3,360,EXC,1
Lang,3,361,EXC,1
Lang,3,362,EXC,1
Lang,3,363,EXC,1
Lang,3,364,EXC,1
Lang,3,365,EXC,1
Lang,3,366,FAIL,1
Lang,3,367,EXC,1
Lang,3,368,EXC,1
Lang,3,369,EXC,1
Lang,3,370,EXC,1
Lang,3,371,EXC,1
Lang,3,372,EXC,1
Lang,3,373,EXC,1
Lang,3,374,EXC,1
Lang,3,375,EXC,1
Lang,3,376,EXC,1
Lang,3,377,LIVE,0
Lang,3,378,EXC,1
Lang,3,379,FAIL,1
Lang,3,380,EXC,1
Lang,3,381,FAIL,1
Lang,3,382,EXC,1
Lang,3,383,EXC,1
Lang,3,384,EXC,1
Lang,3,385,EXC,1
Lang,3,386,FAIL,1
Lang,3,387,LIVE,0
Lang,3,388,FAIL,1
Lang,3,389,FAIL,1
Lang,3,390,EXC,1
Lang,3,391,LIVE,0
Lang,3,392,EXC,1
Lang,3,393,LIVE,0
Lang,3,394,EXC,1
Lang,3,395,EXC,1
Lang,3,396,EXC,1
Lang,3,397,EXC,1
Lang,3,398,LIVE,0
Lang,3,399,EXC,1
Lang,3,400,LIVE,0
Lang,3,401,EXC,1
Lang,3,402,FAIL,1
Lang,3,403,FAIL,1
Lang,3,404,LIVE,0
Lang,3,405,FAIL,1
Lang,3,406,FAIL,1
Lang,3,407,EXC,1
Lang,3,408,EXC,1
Lang,3,409,EXC,1
Lang,3,410,LIVE,0
Lang,3,411,EXC,1
Lang,3,412,LIVE,0
Lang,3,413,EXC,1
Lang,3,414,FAIL,1
Lang,3,415,FAIL,1
Lang,3,416,LIVE,0
Lang,3,417,FAIL,1
Lang,3,418,FAIL,1
Lang,3,419,EXC,1
Lang,3,420,EXC,1
Lang,3,421,EXC,1
Lang,3,422,LIVE,0
Lang,3,423,EXC,1
Lang,3,424,LIVE,0
Lang,3,425,EXC,1
Lang,3,426,FAIL,1
Lang,3,427,FAIL,1
Lang,3,428,LIVE,0
Lang,3,429,FAIL,1
Lang,3,430,FAIL,1
Lang,3,431,EXC,1
Lang,3,432,EXC,1
Lang,3,433,EXC,1
Lang,3,434,LIVE,0
Lang,3,435,EXC,1
Lang,3,436,LIVE,0
Lang,3,437,EXC,1
Lang,3,438,FAIL,1
Lang,3,439,FAIL,1
Lang,3,440,LIVE,0
Lang,3,441,FAIL,1
Lang,3,442,FAIL,1
Lang,3,443,EXC,1
Lang,3,444,EXC,1
Lang,3,445,EXC,1
Lang,3,446,LIVE,0
Lang,3,447,EXC,1
Lang,3,448,LIVE,0
Lang,3,449,EXC,1
Lang,3,450,FAIL,1
Lang,3,451,FAIL,1
Lang,3,452,FAIL,1
Lang,3,453,FAIL,1
Lang,3,454,LIVE,0
Lang,3,455,FAIL,1
Lang,3,456,FAIL,1
Lang,3,457,EXC,1
Lang,3,458,EXC,1
Lang,3,459,EXC,1
Lang,3,460,LIVE,0
Lang,3,461,EXC,1
Lang,3,462,LIVE,0
Lang,3,463,EXC,1
Lang,3,464,FAIL,1
Lang,3,465,LIVE,0
Lang,3,466,FAIL,1
Lang,3,467,FAIL,1
Lang,3,468,LIVE,0
Lang,3,469,FAIL,1
Lang,3,470,FAIL,1
Lang,3,471,EXC,1
Lang,3,472,EXC,1
Lang,3,473,EXC,1
Lang,3,474,LIVE,0
Lang,3,475,EXC,1
Lang,3,476,LIVE,0
Lang,3,477,EXC,1
Lang,3,478,FAIL,1
Lang,3,479,FAIL,1
Lang,3,480,LIVE,0
Lang,3,481,FAIL,1
Lang,3,482,FAIL,1
Lang,3,483,EXC,1
Lang,3,484,EXC,1
Lang,3,485,EXC,1
Lang,3,486,LIVE,0
Lang,3,487,EXC,1
Lang,3,488,LIVE,0
Lang,3,489,EXC,1
Lang,3,490,FAIL,1
Lang,3,491,FAIL,1
Lang,3,492,LIVE,0
Lang,3,493,FAIL,1
Lang,3,494,FAIL,1
Lang,3,495,EXC,1
Lang,3,496,EXC,1
Lang,3,497,EXC,1
Lang,3,498,LIVE,0
Lang,3,499,EXC,1
Lang,3,500,LIVE,0
Lang,3,501,EXC,1
Lang,3,502,FAIL,1
Lang,3,503,FAIL,1
Lang,3,504,LIVE,0
Lang,3,505,FAIL,1
Lang,3,506,FAIL,1
Lang,3,507,EXC,1
Lang,3,508,EXC,1
Lang,3,509,EXC,1
Lang,3,510,LIVE,0
Lang,3,511,EXC,1
Lang,3,512,LIVE,0
Lang,3,513,EXC,1
Lang,3,514,FAIL,1
Lang,3,515,FAIL,1
Lang,3,516,LIVE,0
Lang,3,517,FAIL,1
Lang,3,518,FAIL,1
Lang,3,519,EXC,1
Lang,3,520,EXC,1
Lang,3,521,EXC,1
Lang,3,522,LIVE,0
Lang,3,523,EXC,1
Lang,3,524,LIVE,0
Lang,3,525,EXC,1
Lang,3,526,FAIL,1
Lang,3,527,FAIL,1
Lang,3,528,FAIL,1
Lang,3,529,FAIL,1
Lang,3,530,LIVE,0
Lang,3,531,FAIL,1
Lang,3,532,FAIL,1
Lang,3,533,EXC,1
Lang,3,534,EXC,1
Lang,3,535,EXC,1
Lang,3,536,LIVE,0
Lang,3,537,EXC,1
Lang,3,538,LIVE,0
Lang,3,539,EXC,1
Lang,3,540,FAIL,1
Lang,3,541,FAIL,1
Lang,3,542,FAIL,1
Lang,3,543,FAIL,1
Lang,3,544,LIVE,0
Lang,3,545,FAIL,1
Lang,3,546,FAIL,1
Lang,3,547,EXC,1
Lang,3,548,EXC,1
Lang,3,549,EXC,1
Lang,3,550,LIVE,0
Lang,3,551,EXC,1
Lang,3,552,EXC,1
Lang,3,553,FAIL,1
Lang,3,554,LIVE,0
Lang,3,555,FAIL,1
Lang,3,556,FAIL,1
Lang,3,557,FAIL,1
Lang,3,558,LIVE,0
Lang,3,559,FAIL,1
Lang,3,560,FAIL,1
Lang,3,561,FAIL,1
Lang,3,562,LIVE,0
Lang,3,563,FAIL,1
Lang,3,564,FAIL,1
Lang,3,565,FAIL,1
Lang,3,566,LIVE,0
Lang,3,567,FAIL,1
Lang,3,568,FAIL,1
Lang,3,569,FAIL,1
Lang,3,570,LIVE,0
Lang,3,571,FAIL,1
Lang,3,572,FAIL,1
Lang,3,573,FAIL,1
Lang,3,574,LIVE,0
Lang,3,575,FAIL,1
Lang,3,576,FAIL,1
Lang,3,577,FAIL,1
Lang,3,578,LIVE,0
Lang,3,579,FAIL,1
Lang,3,580,FAIL,1
Lang,3,581,FAIL,1
Lang,3,582,LIVE,0
Lang,3,583,FAIL,1
Lang,3,584,FAIL,1
Lang,3,585,FAIL,1
Lang,3,586,LIVE,0
Lang,3,587,FAIL,1
Lang,3,588,FAIL,1
Lang,3,589,FAIL,1
Lang,3,590,LIVE,0
Lang,3,591,FAIL,1
Lang,3,592,FAIL,1
Lang,3,593,FAIL,1
Lang,3,594,LIVE,0
Lang,3,595,FAIL,1
Lang,3,596,FAIL,1
Lang,3,597,FAIL,1
Lang,3,598,LIVE,0
Lang,3,599,FAIL,1
Lang,3,600,FAIL,1
Lang,3,601,LIVE,0
Lang,3,602,LIVE,0
Lang,3,603,FAIL,1
Lang,3,604,FAIL,1
Lang,3,605,FAIL,1
Lang,3,606,LIVE,0
Lang,3,607,FAIL,1
Lang,3,608,FAIL,1
Lang,3,609,LIVE,0
Lang,3,610,LIVE,0
Lang,3,611,FAIL,1
Lang,3,612,FAIL,1
Lang,3,613,FAIL,1
Lang,3,614,LIVE,0
Lang,3,615,FAIL,1
Lang,3,616,FAIL,1
Lang,3,617,EXC,1
Lang,3,618,EXC,1
Lang,3,619,FAIL,1
Lang,3,620,LIVE,0
Lang,3,621,EXC,1
Lang,3,622,LIVE,0
Lang,3,623,EXC,1
Lang,3,624,FAIL,1
Lang,3,625,EXC,1
Lang,3,626,FAIL,1
Lang,3,627,FAIL,1
Lang,3,628,EXC,1
Lang,3,629,EXC,1
Lang,3,630,FAIL,1
Lang,3,631,FAIL,1
Lang,3,632,FAIL,1
Lang,3,633,FAIL,1
Lang,3,634,FAIL,1
Lang,3,635,FAIL,1
Lang,3,636,FAIL,1
Lang,3,637,EXC,1
Lang,3,638,FAIL,1
Lang,3,639,FAIL,1
Lang,3,640,FAIL,1
Lang,3,641,FAIL,1
Lang,3,642,EXC,1
Lang,3,643,FAIL,1
Lang,3,644,EXC,1
Lang,3,645,EXC,1
Lang,3,646,EXC,1
Lang,3,647,EXC,1
Lang,3,648,EXC,1
Lang,3,649,EXC,1
Lang,3,650,EXC,1
Lang,3,651,LIVE,0
Lang,3,652,EXC,1
Lang,3,653,FAIL,1
Lang,3,654,LIVE,0
Lang,3,655,LIVE,0
Lang,3,656,FAIL,1
Lang,3,657,EXC,1
Lang,3,658,FAIL,1
Lang,3,659,LIVE,0
Lang,3,660,EXC,1
Lang,3,661,FAIL,1
Lang,3,662,EXC,1
Lang,3,663,FAIL,1
Lang,3,664,FAIL,1
Lang,3,665,EXC,1
Lang,3,666,FAIL,1
Lang,3,667,FAIL,1
Lang,3,668,LIVE,0
Lang,3,669,FAIL,1
Lang,3,670,FAIL,1
Lang,3,671,FAIL,1
Lang,3,672,FAIL,1
Lang,3,673,EXC,1
Lang,3,674,FAIL,1
Lang,3,675,EXC,1
Lang,3,676,FAIL,1
Lang,3,677,FAIL,1
Lang,3,678,EXC,1
Lang,3,679,FAIL,1
Lang,3,680,FAIL,1
Lang,3,681,LIVE,0
Lang,3,682,LIVE,0
Lang,3,683,UNCOV,0
Lang,3,684,LIVE,0
Lang,3,685,EXC,1
Lang,3,686,FAIL,1
Lang,3,687,FAIL,1
Lang,3,688,FAIL,1
Lang,3,689,FAIL,1
Lang,3,690,FAIL,1
Lang,3,691,LIVE,0
Lang,3,692,FAIL,1
Lang,3,693,LIVE,0
Lang,3,694,FAIL,1
Lang,3,695,FAIL,1
Lang,3,696,FAIL,1
Lang,3,697,LIVE,0
Lang,3,698,LIVE,0
Lang,3,699,FAIL,1
Lang,3,700,UNCOV,0
Lang,3,701,UNCOV,0
Lang,3,702,UNCOV,0
Lang,3,703,LIVE,0
Lang,3,704,LIVE,0
Lang,3,705,FAIL,1
Lang,3,706,LIVE,0
Lang,3,707,LIVE,0
Lang,3,708,FAIL,1
Lang,3,709,LIVE,0
Lang,3,710,FAIL,1
Lang,3,711,FAIL,1
Lang,3,712,FAIL,1
Lang,3,713,FAIL,1
Lang,3,714,FAIL,1
Lang,3,715,LIVE,0
Lang,3,716,FAIL,1
Lang,3,717,LIVE,0
Lang,3,718,FAIL,1
Lang,3,719,FAIL,1
Lang,3,720,FAIL,1
Lang,3,721,LIVE,0
Lang,3,722,FAIL,1
Lang,3,723,FAIL,1
Lang,3,724,FAIL,1
Lang,3,725,FAIL,1
Lang,3,726,FAIL,1
Lang,3,727,FAIL,1
Lang,3,728,LIVE,0
Lang,3,729,FAIL,1
Lang,3,730,FAIL,1
Lang,3,731,LIVE,0
Lang,3,732,LIVE,0
Lang,3,733,LIVE,0
Lang,3,734,LIVE,0
Lang,3,735,LIVE,0
Lang,3,736,LIVE,0
Lang,3,737,LIVE,0
Lang,3,738,LIVE,0
Lang,3,739,LIVE,0
Lang,3,740,LIVE,0
Lang,3,741,LIVE,0
Lang,3,742,LIVE,0
Lang,3,743,LIVE,0
Lang,3,744,EXC,1
Lang,3,745,LIVE,0
Lang,3,746,LIVE,0
Lang,3,747,EXC,1
Lang,3,748,LIVE,0
Lang,3,749,LIVE,0
Lang,3,750,FAIL,1
Lang,3,751,EXC,1
Lang,3,752,FAIL,1
Lang,3,753,FAIL,1
Lang,3,754,FAIL,1
Lang,3,755,LIVE,0
Lang,3,756,FAIL,1
Lang,3,757,FAIL,1
Lang,3,758,LIVE,0
Lang,3,759,FAIL,1
Lang,3,760,FAIL,1
Lang,3,761,FAIL,1
Lang,3,762,FAIL,1
Lang,3,763,FAIL,1
Lang,3,764,FAIL,1
Lang,3,765,FAIL,1
Lang,3,766,FAIL,1
Lang,3,767,FAIL,1
Lang,3,768,FAIL,1
Lang,3,769,LIVE,0
Lang,3,770,FAIL,1
Lang,3,771,FAIL,1
Lang,3,772,FAIL,1
Lang,3,773,FAIL,1
Lang,3,774,FAIL,1
Lang,3,775,FAIL,1
Lang,3,776,FAIL,1
Lang,3,777,LIVE,0
Lang,3,778,LIVE,0
Lang,3,779,FAIL,1
Lang,3,780,FAIL,1
Lang,3,781,FAIL,1
Lang,3,782,LIVE,0
Lang,3,783,FAIL,1
Lang,3,784,LIVE,0
Lang,3,785,FAIL,1
Lang,3,786,LIVE,0
Lang,3,787,FAIL,1
Lang,3,788,UNCOV,0
Lang,3,789,FAIL,1
Lang,3,790,LIVE,0
Lang,3,791,UNCOV,0
Lang,3,792,FAIL,1
Lang,3,793,FAIL,1
Lang,3,794,FAIL,1
Lang,3,795,FAIL,1
Lang,3,796,LIVE,0
Lang,3,797,LIVE,0
Lang,3,798,FAIL,1
Lang,3,799,LIVE,0
Lang,3,800,LIVE,0
Lang,3,801,FAIL,1
Lang,3,802,LIVE,0
Lang,3,803,FAIL,1
Lang,3,804,FAIL,1
Lang,3,805,LIVE,0
Lang,3,806,FAIL,1
Lang,3,807,FAIL,1
Lang,3,808,FAIL,1
Lang,3,809,FAIL,1
Lang,3,810,FAIL,1
Lang,3,811,FAIL,1
Lang,3,812,FAIL,1
Lang,3,813,FAIL,1
Lang,3,814,TIME,1
Lang,3,815,LIVE,0
Lang,3,816,LIVE,0
Lang,3,817,FAIL,1
Lang,3,818,FAIL,1
Lang,3,819,FAIL,1
Lang,3,820,FAIL,1
Lang,3,821,LIVE,0
Lang,3,822,FAIL,1
Lang,3,823,FAIL,1
Lang,3,824,LIVE,0
Lang,3,825,FAIL,1
Lang,3,826,FAIL,1
Lang,3,827,FAIL,1
Lang,3,828,FAIL,1
Lang,3,829,FAIL,1
Lang,3,830,LIVE,0
Lang,3,831,LIVE,0
Lang,3,832,FAIL,1
Lang,3,833,FAIL,1
Lang,3,834,LIVE,0
Lang,3,835,LIVE,0
Lang,3,836,LIVE,0
Lang,3,837,LIVE,0
Lang,3,838,FAIL,1
Lang,3,839,FAIL,1
Lang,3,840,FAIL,1
Lang,3,841,FAIL,1
Lang,3,842,FAIL,1
Lang,3,843,LIVE,0
Lang,3,844,LIVE,0
Lang,3,845,LIVE,0
Lang,3,846,FAIL,1
Lang,3,847,UNCOV,0
Lang,3,848,FAIL,1
Lang,3,849,FAIL,1
Lang,3,850,LIVE,0
Lang,3,851,FAIL,1
Lang,3,852,FAIL,1
Lang,3,853,FAIL,1
Lang,3,854,LIVE,0
Lang,3,855,FAIL,1
Lang,3,856,LIVE,0
Lang,3,857,FAIL,1
Lang,3,858,FAIL,1
Lang,3,859,FAIL,1
Lang,3,860,LIVE,0
Lang,3,861,LIVE,0
Lang,3,862,LIVE,0
Lang,3,863,FAIL,1
Lang,3,864,FAIL,1
Lang,3,865,FAIL,1
Lang,3,866,FAIL,1
Lang,3,867,FAIL,1
Lang,3,868,LIVE,0
Lang,3,869,FAIL,1
Lang,3,870,FAIL,1
Lang,3,871,FAIL,1
Lang,3,872,LIVE,0
Lang,3,873,FAIL,1
Lang,3,874,FAIL,1
Lang,3,875,FAIL,1
Lang,3,876,FAIL,1
Lang,3,877,FAIL,1
Lang,3,878,LIVE,0
Lang,3,879,FAIL,1
Lang,3,880,FAIL,1
Lang,3,881,FAIL,1
Lang,3,882,LIVE,0
Lang,3,883,FAIL,1
Lang,3,884,LIVE,0
Lang,3,885,FAIL,1
Lang,3,886,LIVE,0
Lang,3,887,FAIL,1
Lang,3,888,FAIL,1
Lang,3,889,LIVE,0
Lang,3,890,LIVE,0
Lang,3,891,FAIL,1
Lang,3,892,FAIL,1
Lang,3,893,FAIL,1
Lang,3,894,FAIL,1
Lang,3,895,UNCOV,0
Lang,3,896,UNCOV,0
Lang,3,897,UNCOV,0
Lang,3,898,UNCOV,0
Lang,4,1,LIVE,0
Lang,4,2,LIVE,0
Lang,4,3,LIVE,0
Lang,4,4,FAIL,1
Lang,4,5,EXC,1
Lang,4,6,FAIL,1
Lang,4,7,EXC,1
Lang,4,8,FAIL,1
Lang,4,9,FAIL,1
Lang,4,10,EXC,1
Lang,4,11,LIVE,0
Lang,4,12,LIVE,0
Lang,4,13,FAIL,1
Lang,4,14,FAIL,1
Lang,4,15,FAIL,1
Lang,4,16,LIVE,0
Lang,4,17,FAIL,1
Lang,4,18,FAIL,1
Lang,4,19,EXC,1
Lang,4,20,EXC,1
Lang,4,21,EXC,1
Lang,4,22,EXC,1
Lang,4,23,TIME,1
Lang,4,24,LIVE,0
Lang,4,25,EXC,1
Lang,4,26,EXC,1
Lang,4,27,EXC,1
Lang,4,28,EXC,1
Lang,4,29,EXC,1
Lang,4,30,EXC,1
Lang,4,31,FAIL,1
Lang,4,32,FAIL,1
Lang,4,33,EXC,1
Lang,4,34,FAIL,1
Lang,4,35,FAIL,1
Lang,4,36,EXC,1
Lang,4,37,FAIL,1
Lang,4,38,EXC,1
Lang,4,39,FAIL,1
Lang,4,40,FAIL,1
Lang,4,41,TIME,1
Lang,5,1,EXC,1
Lang,5,2,EXC,1
Lang,5,3,EXC,1
Lang,5,4,EXC,1
Lang,5,5,EXC,1
Lang,5,6,EXC,1
Lang,5,7,EXC,1
Lang,5,8,EXC,1
Lang,5,9,LIVE,0
Lang,5,10,EXC,1
Lang,5,11,EXC,1
Lang,5,12,EXC,1
Lang,5,13,EXC,1
Lang,5,14,EXC,1
Lang,5,15,EXC,1
Lang,5,16,EXC,1
Lang,5,17,EXC,1
Lang,5,18,EXC,1
Lang,5,19,EXC,1
Lang,5,20,EXC,1
Lang,5,21,LIVE,0
Lang,5,22,FAIL,1
Lang,5,23,FAIL,1
Lang,5,24,EXC,1
Lang,5,25,EXC,1
Lang,5,26,EXC,1
Lang,5,27,LIVE,0
Lang,5,28,FAIL,1
Lang,5,29,EXC,1
Lang,5,30,FAIL,1
Lang,5,31,EXC,1
Lang,5,32,EXC,1
Lang,5,33,EXC,1
Lang,5,34,FAIL,1
Lang,5,35,FAIL,1
Lang,5,36,EXC,1
Lang,5,37,EXC,1
Lang,5,38,FAIL,1
Lang,5,39,FAIL,1
Lang,5,40,EXC,1
Lang,5,41,LIVE,0
Lang,5,42,FAIL,1
Lang,5,43,EXC,1
Lang,5,44,FAIL,1
Lang,5,45,EXC,1
Lang,5,46,EXC,1
Lang,5,47,EXC,1
Lang,5,48,FAIL,1
Lang,5,49,EXC,1
Lang,5,50,FAIL,1
Lang,5,51,EXC,1
Lang,5,52,FAIL,1
Lang,5,53,FAIL,1
Lang,5,54,FAIL,1
Lang,5,55,EXC,1
Lang,5,56,EXC,1
Lang,5,57,EXC,1
Lang,5,58,LIVE,0
Lang,5,59,FAIL,1
Lang,5,60,EXC,1
Lang,5,61,EXC,1
Lang,5,62,EXC,1
Lang,5,63,EXC,1
Lang,5,64,EXC,1
Lang,5,65,EXC,1
Lang,5,66,EXC,1
Lang,5,67,EXC,1
Lang,5,68,LIVE,0
Lang,5,69,FAIL,1
Lang,5,70,EXC,1
Lang,5,71,EXC,1
Lang,5,72,EXC,1
Lang,5,73,FAIL,1
Lang,5,74,FAIL,1
Lang,5,75,EXC,1
Lang,5,76,FAIL,1
Lang,5,77,EXC,1
Lang,5,78,FAIL,1
Lang,5,79,EXC,1
Lang,5,80,FAIL,1
Lang,5,81,EXC,1
Lang,5,82,EXC,1
Lang,5,83,EXC,1
Lang,5,84,FAIL,1
Lang,5,85,FAIL,1
Lang,5,86,FAIL,1
Lang,5,87,EXC,1
Lang,5,88,EXC,1
Lang,5,89,EXC,1
Lang,5,90,LIVE,0
Lang,5,91,FAIL,1
Lang,5,92,EXC,1
Lang,5,93,FAIL,1
Lang,5,94,EXC,1
Lang,5,95,FAIL,1
Lang,5,96,EXC,1
Lang,5,97,FAIL,1
Lang,5,98,EXC,1
Lang,5,99,EXC,1
Lang,5,100,EXC,1
Lang,5,101,FAIL,1
Lang,5,102,FAIL,1
Lang,5,103,EXC,1
Lang,5,104,EXC,1
Lang,5,105,FAIL,1
Lang,5,106,EXC,1
Lang,5,107,EXC,1
Lang,5,108,LIVE,0
Lang,5,109,FAIL,1
Lang,5,110,EXC,1
Lang,5,111,FAIL,1
Lang,5,112,EXC,1
Lang,5,113,FAIL,1
Lang,5,114,EXC,1
Lang,5,115,FAIL,1
Lang,5,116,EXC,1
Lang,5,117,EXC,1
Lang,5,118,EXC,1
Lang,5,119,FAIL,1
Lang,5,120,EXC,1
Lang,5,121,LIVE,0
Lang,5,122,EXC,1
Lang,5,123,EXC,1
Lang,5,124,FAIL,1
Lang,5,125,LIVE,0
Lang,5,126,FAIL,1
Lang,5,127,FAIL,1
Lang,5,128,FAIL,1
Lang,5,129,FAIL,1
Lang,5,130,LIVE,0
Lang,5,131,FAIL,1
Lang,5,132,FAIL,1
Lang,5,133,FAIL,1
Lang,5,134,FAIL,1
Lang,5,135,FAIL,1
Lang,5,136,FAIL,1
Lang,5,137,FAIL,1
Lang,5,138,FAIL,1
Lang,5,139,FAIL,1
Lang,5,140,EXC,1
Lang,5,141,FAIL,1
Lang,5,142,EXC,1
Lang,5,143,LIVE,0
Lang,5,144,EXC,1
Lang,5,145,EXC,1
Lang,5,146,FAIL,1
Lang,5,147,FAIL,1
Lang,5,148,FAIL,1
Lang,5,149,LIVE,0
Lang,5,150,FAIL,1
Lang,5,151,FAIL,1
Lang,5,152,FAIL,1
Lang,5,153,FAIL,1
Lang,5,154,LIVE,0
Lang,5,155,EXC,1
Lang,5,156,FAIL,1
Lang,5,157,EXC,1
Lang,5,158,LIVE,0
Lang,5,159,EXC,1
Lang,5,160,EXC,1
Lang,5,161,FAIL,1
Lang,5,162,LIVE,0
Lang,5,163,LIVE,0
Lang,5,164,FAIL,1
Lang,5,165,LIVE,0
Lang,5,166,FAIL,1
Lang,5,167,FAIL,1
Lang,5,168,LIVE,0
Lang,5,169,FAIL,1
Lang,5,170,FAIL,1
Lang,5,171,FAIL,1
Lang,5,172,LIVE,0
Lang,5,173,FAIL,1
Lang,5,174,FAIL,1
Lang,5,175,FAIL,1
Lang,5,176,FAIL,1
Lang,5,177,LIVE,0
Lang,6,1,EXC,1
Lang,6,2,LIVE,0
Lang,6,3,EXC,1
Lang,6,4,LIVE,0
Lang,6,5,LIVE,0
Lang,6,6,EXC,1
Lang,6,7,LIVE,0
Lang,6,8,FAIL,1
Lang,6,9,FAIL,1
Lang,6,10,EXC,1
Lang,6,11,FAIL,1
Lang,6,12,EXC,1
Lang,6,13,EXC,1
Lang,6,14,EXC,1
Lang,6,15,FAIL,1
Lang,6,16,TIME,1
Lang,6,17,TIME,1
Lang,6,18,LIVE,0
Lang,6,19,FAIL,1
Lang,6,20,TIME,1
Lang,6,21,FAIL,1
Lang,6,22,TIME,1
Lang,6,23,FAIL,1
Lang,6,24,EXC,1
Lang,6,25,LIVE,0
Lang,6,26,EXC,1
Lang,6,27,TIME,1
Lang,6,28,TIME,1
Lang,6,29,EXC,1
Lang,6,30,EXC,1
Lang,6,31,EXC,1
Lang,6,32,EXC,1
Lang,6,33,EXC,1
Lang,6,34,EXC,1
Lang,6,35,EXC,1
Lang,6,36,EXC,1
Lang,6,37,EXC,1
Lang,6,38,EXC,1
Lang,6,39,EXC,1
Lang,6,40,EXC,1
Lang,6,41,EXC,1
Lang,6,42,EXC,1
Lang,7,1,FAIL,1
Lang,7,2,FAIL,1
Lang,7,3,FAIL,1
Lang,7,4,FAIL,1
Lang,7,5,FAIL,1
Lang,7,6,FAIL,1
Lang,7,7,FAIL,1
Lang,7,8,FAIL,1
Lang,7,9,FAIL,1
Lang,7,10,FAIL,1
Lang,7,11,FAIL,1
Lang,7,12,FAIL,1
Lang,7,13,UNCOV,0
Lang,7,14,UNCOV,0
Lang,7,15,UNCOV,0
Lang,7,16,UNCOV,0
Lang,7,17,UNCOV,0
Lang,7,18,UNCOV,0
Lang,7,19,UNCOV,0
Lang,7,20,UNCOV,0
Lang,7,21,UNCOV,0
Lang,7,22,UNCOV,0
Lang,7,23,UNCOV,0
Lang,7,24,UNCOV,0
Lang,7,25,FAIL,1
Lang,7,26,FAIL,1
Lang,7,27,FAIL,1
Lang,7,28,FAIL,1
Lang,7,29,FAIL,1
Lang,7,30,FAIL,1
Lang,7,31,FAIL,1
Lang,7,32,FAIL,1
Lang,7,33,FAIL,1
Lang,7,34,FAIL,1
Lang,7,35,FAIL,1
Lang,7,36,FAIL,1
Lang,7,37,FAIL,1
Lang,7,38,FAIL,1
Lang,7,39,FAIL,1
Lang,7,40,FAIL,1
Lang,7,41,LIVE,0
Lang,7,42,FAIL,1
Lang,7,43,FAIL,1
Lang,7,44,LIVE,0
Lang,7,45,FAIL,1
Lang,7,46,FAIL,1
Lang,7,47,EXC,1
Lang,7,48,FAIL,1
Lang,7,49,FAIL,1
Lang,7,50,EXC,1
Lang,7,51,UNCOV,0
Lang,7,52,UNCOV,0
Lang,7,53,LIVE,0
Lang,7,54,UNCOV,0
Lang,7,55,UNCOV,0
Lang,7,56,LIVE,0
Lang,7,57,EXC,1
Lang,7,58,EXC,1
Lang,7,59,EXC,1
Lang,7,60,LIVE,0
Lang,7,61,EXC,1
Lang,7,62,EXC,1
Lang,7,63,EXC,1
Lang,7,64,LIVE,0
Lang,7,65,EXC,1
Lang,7,66,EXC,1
Lang,7,67,EXC,1
Lang,7,68,LIVE,0
Lang,7,69,EXC,1
Lang,7,70,EXC,1
Lang,7,71,EXC,1
Lang,7,72,LIVE,0
Lang,7,73,LIVE,0
Lang,7,74,LIVE,0
Lang,7,75,LIVE,0
Lang,7,76,LIVE,0
Lang,7,77,LIVE,0
Lang,7,78,LIVE,0
Lang,7,79,LIVE,0
Lang,7,80,LIVE,0
Lang,7,81,LIVE,0
Lang,7,82,LIVE,0
Lang,7,83,LIVE,0
Lang,7,84,LIVE,0
Lang,7,85,LIVE,0
Lang,7,86,EXC,1
Lang,7,87,EXC,1
Lang,7,88,FAIL,1
Lang,7,89,EXC,1
Lang,7,90,EXC,1
Lang,7,91,EXC,1
Lang,7,92,EXC,1
Lang,7,93,EXC,1
Lang,7,94,EXC,1
Lang,7,95,EXC,1
Lang,7,96,LIVE,0
Lang,7,97,EXC,1
Lang,7,98,EXC,1
Lang,7,99,LIVE,0
Lang,7,100,EXC,1
Lang,7,101,LIVE,0
Lang,7,102,FAIL,1
Lang,7,103,EXC,1
Lang,7,104,LIVE,0
Lang,7,105,EXC,1
Lang,7,106,EXC,1
Lang,7,107,LIVE,0
Lang,7,108,LIVE,0
Lang,7,109,LIVE,0
Lang,7,110,EXC,1
Lang,7,111,LIVE,0
Lang,7,112,EXC,1
Lang,7,113,LIVE,0
Lang,7,114,EXC,1
Lang,7,115,EXC,1
Lang,7,116,LIVE,0
Lang,7,117,LIVE,0
Lang,7,118,LIVE,0
Lang,7,119,LIVE,0
Lang,7,120,EXC,1
Lang,7,121,EXC,1
Lang,7,122,LIVE,0
Lang,7,123,LIVE,0
Lang,7,124,LIVE,0
Lang,7,125,LIVE,0
Lang,7,126,LIVE,0
Lang,7,127,LIVE,0
Lang,7,128,LIVE,0
Lang,7,129,EXC,1
Lang,7,130,LIVE,0
Lang,7,131,LIVE,0
Lang,7,132,EXC,1
Lang,7,133,LIVE,0
Lang,7,134,EXC,1
Lang,7,135,EXC,1
Lang,7,136,LIVE,0
Lang,7,137,LIVE,0
Lang,7,138,LIVE,0
Lang,7,139,EXC,1
Lang,7,140,LIVE,0
Lang,7,141,FAIL,1
Lang,7,142,LIVE,0
Lang,7,143,EXC,1
Lang,7,144,LIVE,0
Lang,7,145,EXC,1
Lang,7,146,FAIL,1
Lang,7,147,LIVE,0
Lang,7,148,EXC,1
Lang,7,149,LIVE,0
Lang,7,150,FAIL,1
Lang,7,151,EXC,1
Lang,7,152,EXC,1
Lang,7,153,LIVE,0
Lang,7,154,LIVE,0
Lang,7,155,LIVE,0
Lang,7,156,EXC,1
Lang,7,157,LIVE,0
Lang,7,158,EXC,1
Lang,7,159,EXC,1
Lang,7,160,LIVE,0
Lang,7,161,EXC,1
Lang,7,162,EXC,1
Lang,7,163,EXC,1
Lang,7,164,LIVE,0
Lang,7,165,EXC,1
Lang,7,166,LIVE,0
Lang,7,167,LIVE,0
Lang,7,168,LIVE,0
Lang,7,169,EXC,1
Lang,7,170,EXC,1
Lang,7,171,LIVE,0
Lang,7,172,LIVE,0
Lang,7,173,LIVE,0
Lang,7,174,LIVE,0
Lang,7,175,LIVE,0
Lang,7,176,LIVE,0
Lang,7,177,LIVE,0
Lang,7,178,EXC,1
Lang,7,179,EXC,1
Lang,7,180,LIVE,0
Lang,7,181,EXC,1
Lang,7,182,LIVE,0
Lang,7,183,FAIL,1
Lang,7,184,EXC,1
Lang,7,185,EXC,1
Lang,7,186,EXC,1
Lang,7,187,EXC,1
Lang,7,188,EXC,1
Lang,7,189,EXC,1
Lang,7,190,EXC,1
Lang,7,191,FAIL,1
Lang,7,192,LIVE,0
Lang,7,193,LIVE,0
Lang,7,194,LIVE,0
Lang,7,195,EXC,1
Lang,7,196,EXC,1
Lang,7,197,LIVE,0
Lang,7,198,EXC,1
Lang,7,199,LIVE,0
Lang,7,200,LIVE,0
Lang,7,201,EXC,1
Lang,7,202,EXC,1
Lang,7,203,LIVE,0
Lang,7,204,LIVE,0
Lang,7,205,EXC,1
Lang,7,206,EXC,1
Lang,7,207,EXC,1
Lang,7,208,LIVE,0
Lang,7,209,EXC,1
Lang,7,210,LIVE,0
Lang,7,211,LIVE,0
Lang,7,212,LIVE,0
Lang,7,213,EXC,1
Lang,7,214,EXC,1
Lang,7,215,LIVE,0
Lang,7,216,LIVE,0
Lang,7,217,EXC,1
Lang,7,218,LIVE,0
Lang,7,219,LIVE,0
Lang,7,220,FAIL,1
Lang,7,221,FAIL,1
Lang,7,222,LIVE,0
Lang,7,223,FAIL,1
Lang,7,224,FAIL,1
Lang,7,225,LIVE,0
Lang,7,226,FAIL,1
Lang,7,227,LIVE,0
Lang,7,228,FAIL,1
Lang,7,229,LIVE,0
Lang,7,230,FAIL,1
Lang,7,231,LIVE,0
Lang,7,232,FAIL,1
Lang,7,233,FAIL,1
Lang,7,234,FAIL,1
Lang,7,235,LIVE,0
Lang,7,236,FAIL,1
Lang,7,237,FAIL,1
Lang,7,238,LIVE,0
Lang,7,239,FAIL,1
Lang,7,240,LIVE,0
Lang,7,241,FAIL,1
Lang,7,242,LIVE,0
Lang,7,243,FAIL,1
Lang,7,244,LIVE,0
Lang,7,245,FAIL,1
Lang,7,246,LIVE,0
Lang,7,247,LIVE,0
Lang,7,248,LIVE,0
Lang,7,249,FAIL,1
Lang,7,250,FAIL,1
Lang,7,251,LIVE,0
Lang,7,252,LIVE,0
Lang,7,253,FAIL,1
Lang,7,254,LIVE,0
Lang,7,255,LIVE,0
Lang,7,256,LIVE,0
Lang,7,257,LIVE,0
Lang,7,258,LIVE,0
Lang,7,259,FAIL,1
Lang,7,260,LIVE,0
Lang,7,261,FAIL,1
Lang,7,262,LIVE,0
Lang,7,263,FAIL,1
Lang,7,264,LIVE,0
Lang,7,265,LIVE,0
Lang,7,266,LIVE,0
Lang,7,267,LIVE,0
Lang,7,268,LIVE,0
Lang,7,269,LIVE,0
Lang,7,270,FAIL,1
Lang,7,271,FAIL,1
Lang,7,272,EXC,1
Lang,7,273,FAIL,1
Lang,7,274,FAIL,1
Lang,7,275,EXC,1
Lang,7,276,FAIL,1
Lang,7,277,LIVE,0
Lang,7,278,LIVE,0
Lang,7,279,LIVE,0
Lang,7,280,FAIL,1
Lang,7,281,FAIL,1
Lang,7,282,FAIL,1
Lang,7,283,FAIL,1
Lang,7,284,FAIL,1
Lang,7,285,LIVE,0
Lang,7,286,FAIL,1
Lang,7,287,LIVE,0
Lang,7,288,FAIL,1
Lang,7,289,LIVE,0
Lang,7,290,FAIL,1
Lang,7,291,FAIL,1
Lang,7,292,FAIL,1
Lang,7,293,LIVE,0
Lang,7,294,LIVE,0
Lang,7,295,FAIL,1
Lang,7,296,FAIL,1
Lang,7,297,LIVE,0
Lang,7,298,LIVE,0
Lang,7,299,LIVE,0
Lang,7,300,LIVE,0
Lang,7,301,FAIL,1
Lang,7,302,LIVE,0
Lang,7,303,LIVE,0
Lang,7,304,LIVE,0
Lang,7,305,FAIL,1
Lang,7,306,LIVE,0
Lang,7,307,UNCOV,0
Lang,7,308,EXC,1
Lang,7,309,EXC,1
Lang,7,310,EXC,1
Lang,7,311,EXC,1
Lang,7,312,EXC,1
Lang,7,313,EXC,1
Lang,7,314,LIVE,0
Lang,7,315,EXC,1
Lang,7,316,FAIL,1
Lang,7,317,LIVE,0
Lang,7,318,EXC,1
Lang,7,319,LIVE,0
Lang,7,320,LIVE,0
Lang,7,321,LIVE,0
Lang,7,322,FAIL,1
Lang,7,323,LIVE,0
Lang,7,324,LIVE,0
Lang,7,325,LIVE,0
Lang,7,326,LIVE,0
Lang,7,327,EXC,1
Lang,7,328,EXC,1
Lang,7,329,EXC,1
Lang,7,330,EXC,1
Lang,7,331,EXC,1
Lang,7,332,EXC,1
Lang,7,333,LIVE,0
Lang,7,334,EXC,1
Lang,7,335,LIVE,0
Lang,7,336,EXC,1
Lang,7,337,EXC,1
Lang,7,338,EXC,1
Lang,7,339,EXC,1
Lang,7,340,EXC,1
Lang,7,341,EXC,1
Lang,7,342,EXC,1
Lang,7,343,EXC,1
Lang,7,344,LIVE,0
Lang,7,345,EXC,1
Lang,7,346,LIVE,0
Lang,7,347,EXC,1
Lang,7,348,FAIL,1
Lang,7,349,FAIL,1
Lang,7,350,LIVE,0
Lang,7,351,FAIL,1
Lang,7,352,FAIL,1
Lang,7,353,EXC,1
Lang,7,354,EXC,1
Lang,7,355,EXC,1
Lang,7,356,EXC,1
Lang,7,357,EXC,1
Lang,7,358,EXC,1
Lang,7,359,EXC,1
Lang,7,360,LIVE,0
Lang,7,361,EXC,1
Lang,7,362,LIVE,0
Lang,7,363,EXC,1
Lang,7,364,FAIL,1
Lang,7,365,FAIL,1
Lang,7,366,LIVE,0
Lang,7,367,FAIL,1
Lang,7,368,FAIL,1
Lang,7,369,EXC,1
Lang,7,370,EXC,1
Lang,7,371,EXC,1
Lang,7,372,EXC,1
Lang,7,373,EXC,1
Lang,7,374,EXC,1
Lang,7,375,EXC,1
Lang,7,376,LIVE,0
Lang,7,377,EXC,1
Lang,7,378,LIVE,0
Lang,7,379,EXC,1
Lang,7,380,FAIL,1
Lang,7,381,FAIL,1
Lang,7,382,LIVE,0
Lang,7,383,FAIL,1
Lang,7,384,FAIL,1
Lang,7,385,EXC,1
Lang,7,386,EXC,1
Lang,7,387,EXC,1
Lang,7,388,EXC,1
Lang,7,389,EXC,1
Lang,7,390,EXC,1
Lang,7,391,EXC,1
Lang,7,392,LIVE,0
Lang,7,393,EXC,1
Lang,7,394,LIVE,0
Lang,7,395,EXC,1
Lang,7,396,FAIL,1
Lang,7,397,FAIL,1
Lang,7,398,LIVE,0
Lang,7,399,FAIL,1
Lang,7,400,FAIL,1
Lang,7,401,EXC,1
Lang,7,402,EXC,1
Lang,7,403,EXC,1
Lang,7,404,EXC,1
Lang,7,405,EXC,1
Lang,7,406,EXC,1
Lang,7,407,EXC,1
Lang,7,408,LIVE,0
Lang,7,409,EXC,1
Lang,7,410,LIVE,0
Lang,7,411,EXC,1
Lang,7,412,FAIL,1
Lang,7,413,FAIL,1
Lang,7,414,FAIL,1
Lang,7,415,FAIL,1
Lang,7,416,LIVE,0
Lang,7,417,FAIL,1
Lang,7,418,FAIL,1
Lang,7,419,EXC,1
Lang,7,420,EXC,1
Lang,7,421,EXC,1
Lang,7,422,EXC,1
Lang,7,423,EXC,1
Lang,7,424,EXC,1
Lang,7,425,EXC,1
Lang,7,426,LIVE,0
Lang,7,427,EXC,1
Lang,7,428,LIVE,0
Lang,7,429,EXC,1
Lang,7,430,FAIL,1
Lang,7,431,LIVE,0
Lang,7,432,FAIL,1
Lang,7,433,FAIL,1
Lang,7,434,LIVE,0
Lang,7,435,FAIL,1
Lang,7,436,FAIL,1
Lang,7,437,EXC,1
Lang,7,438,EXC,1
Lang,7,439,EXC,1
Lang,7,440,EXC,1
Lang,7,441,EXC,1
Lang,7,442,EXC,1
Lang,7,443,EXC,1
Lang,7,444,LIVE,0
Lang,7,445,EXC,1
Lang,7,446,LIVE,0
Lang,7,447,EXC,1
Lang,7,448,FAIL,1
Lang,7,449,FAIL,1
Lang,7,450,LIVE,0
Lang,7,451,FAIL,1
Lang,7,452,FAIL,1
Lang,7,453,EXC,1
Lang,7,454,EXC,1
Lang,7,455,EXC,1
Lang,7,456,EXC,1
Lang,7,457,EXC,1
Lang,7,458,EXC,1
Lang,7,459,EXC,1
Lang,7,460,LIVE,0
Lang,7,461,EXC,1
Lang,7,462,LIVE,0
Lang,7,463,EXC,1
Lang,7,464,FAIL,1
Lang,7,465,FAIL,1
Lang,7,466,LIVE,0
Lang,7,467,FAIL,1
Lang,7,468,FAIL,1
Lang,7,469,EXC,1
Lang,7,470,EXC,1
Lang,7,471,EXC,1
Lang,7,472,EXC,1
Lang,7,473,EXC,1
Lang,7,474,EXC,1
Lang,7,475,EXC,1
Lang,7,476,LIVE,0
Lang,7,477,EXC,1
Lang,7,478,LIVE,0
Lang,7,479,EXC,1
Lang,7,480,FAIL,1
Lang,7,481,FAIL,1
Lang,7,482,LIVE,0
Lang,7,483,FAIL,1
Lang,7,484,FAIL,1
Lang,7,485,EXC,1
Lang,7,486,EXC,1
Lang,7,487,EXC,1
Lang,7,488,EXC,1
Lang,7,489,EXC,1
Lang,7,490,EXC,1
Lang,7,491,EXC,1
Lang,7,492,LIVE,0
Lang,7,493,EXC,1
Lang,7,494,LIVE,0
Lang,7,495,EXC,1
Lang,7,496,FAIL,1
Lang,7,497,FAIL,1
Lang,7,498,LIVE,0
Lang,7,499,FAIL,1
Lang,7,500,FAIL,1
Lang,7,501,EXC,1
Lang,7,502,EXC,1
Lang,7,503,EXC,1
Lang,7,504,EXC,1
Lang,7,505,EXC,1
Lang,7,506,EXC,1
Lang,7,507,EXC,1
Lang,7,508,LIVE,0
Lang,7,509,EXC,1
Lang,7,510,LIVE,0
Lang,7,511,EXC,1
Lang,7,512,FAIL,1
Lang,7,513,FAIL,1
Lang,7,514,FAIL,1
Lang,7,515,FAIL,1
Lang,7,516,LIVE,0
Lang,7,517,FAIL,1
Lang,7,518,FAIL,1
Lang,7,519,EXC,1
Lang,7,520,EXC,1
Lang,7,521,EXC,1
Lang,7,522,EXC,1
Lang,7,523,EXC,1
Lang,7,524,EXC,1
Lang,7,525,EXC,1
Lang,7,526,LIVE,0
Lang,7,527,EXC,1
Lang,7,528,LIVE,0
Lang,7,529,EXC,1
Lang,7,530,FAIL,1
Lang,7,531,FAIL,1
Lang,7,532,FAIL,1
Lang,7,533,FAIL,1
Lang,7,534,LIVE,0
Lang,7,535,FAIL,1
Lang,7,536,FAIL,1
Lang,7,537,FAIL,1
Lang,7,538,LIVE,0
Lang,7,539,FAIL,1
Lang,7,540,FAIL,1
Lang,7,541,FAIL,1
Lang,7,542,LIVE,0
Lang,7,543,FAIL,1
Lang,7,544,FAIL,1
Lang,7,545,FAIL,1
Lang,7,546,LIVE,0
Lang,7,547,FAIL,1
Lang,7,548,FAIL,1
Lang,7,549,FAIL,1
Lang,7,550,LIVE,0
Lang,7,551,FAIL,1
Lang,7,552,FAIL,1
Lang,7,553,FAIL,1
Lang,7,554,LIVE,0
Lang,7,555,FAIL,1
Lang,7,556,FAIL,1
Lang,7,557,FAIL,1
Lang,7,558,LIVE,0
Lang,7,559,FAIL,1
Lang,7,560,FAIL,1
Lang,7,561,FAIL,1
Lang,7,562,LIVE,0
Lang,7,563,FAIL,1
Lang,7,564,FAIL,1
Lang,7,565,FAIL,1
Lang,7,566,LIVE,0
Lang,7,567,FAIL,1
Lang,7,568,FAIL,1
Lang,7,569,FAIL,1
Lang,7,570,LIVE,0
Lang,7,571,FAIL,1
Lang,7,572,FAIL,1
Lang,7,573,FAIL,1
Lang,7,574,LIVE,0
Lang,7,575,FAIL,1
Lang,7,576,FAIL,1
Lang,7,577,FAIL,1
Lang,7,578,LIVE,0
Lang,7,579,FAIL,1
Lang,7,580,FAIL,1
Lang,7,581,FAIL,1
Lang,7,582,LIVE,0
Lang,7,583,FAIL,1
Lang,7,584,FAIL,1
Lang,7,585,LIVE,0
Lang,7,586,LIVE,0
Lang,7,587,FAIL,1
Lang,7,588,FAIL,1
Lang,7,589,FAIL,1
Lang,7,590,LIVE,0
Lang,7,591,FAIL,1
Lang,7,592,FAIL,1
Lang,7,593,LIVE,0
Lang,7,594,LIVE,0
Lang,7,595,FAIL,1
Lang,7,596,FAIL,1
Lang,7,597,FAIL,1
Lang,7,598,LIVE,0
Lang,7,599,FAIL,1
Lang,7,600,FAIL,1
Lang,7,601,EXC,1
Lang,7,602,EXC,1
Lang,7,603,FAIL,1
Lang,7,604,LIVE,0
Lang,7,605,EXC,1
Lang,7,606,LIVE,0
Lang,7,607,EXC,1
Lang,7,608,FAIL,1
Lang,7,609,EXC,1
Lang,7,610,FAIL,1
Lang,7,611,FAIL,1
Lang,7,612,EXC,1
Lang,7,613,EXC,1
Lang,7,614,FAIL,1
Lang,7,615,FAIL,1
Lang,7,616,FAIL,1
Lang,7,617,FAIL,1
Lang,7,618,FAIL,1
Lang,7,619,FAIL,1
Lang,7,620,FAIL,1
Lang,7,621,EXC,1
Lang,7,622,FAIL,1
Lang,7,623,FAIL,1
Lang,7,624,FAIL,1
Lang,7,625,FAIL,1
Lang,7,626,EXC,1
Lang,7,627,FAIL,1
Lang,7,628,EXC,1
Lang,7,629,EXC,1
Lang,7,630,EXC,1
Lang,7,631,EXC,1
Lang,7,632,EXC,1
Lang,7,633,EXC,1
Lang,7,634,EXC,1
Lang,7,635,LIVE,0
Lang,7,636,EXC,1
Lang,7,637,FAIL,1
Lang,7,638,LIVE,0
Lang,7,639,LIVE,0
Lang,7,640,FAIL,1
Lang,7,641,EXC,1
Lang,7,642,FAIL,1
Lang,7,643,LIVE,0
Lang,7,644,EXC,1
Lang,7,645,FAIL,1
Lang,7,646,EXC,1
Lang,7,647,FAIL,1
Lang,7,648,FAIL,1
Lang,7,649,EXC,1
Lang,7,650,FAIL,1
Lang,7,651,FAIL,1
Lang,7,652,LIVE,0
Lang,7,653,FAIL,1
Lang,7,654,FAIL,1
Lang,7,655,FAIL,1
Lang,7,656,FAIL,1
Lang,7,657,EXC,1
Lang,7,658,FAIL,1
Lang,7,659,EXC,1
Lang,7,660,FAIL,1
Lang,7,661,FAIL,1
Lang,7,662,EXC,1
Lang,7,663,FAIL,1
Lang,7,664,FAIL,1
Lang,7,665,LIVE,0
Lang,7,666,LIVE,0
Lang,7,667,UNCOV,0
Lang,7,668,LIVE,0
Lang,7,669,EXC,1
Lang,7,670,FAIL,1
Lang,7,671,FAIL,1
Lang,7,672,FAIL,1
Lang,7,673,FAIL,1
Lang,7,674,FAIL,1
Lang,7,675,LIVE,0
Lang,7,676,FAIL,1
Lang,7,677,LIVE,0
Lang,7,678,FAIL,1
Lang,7,679,FAIL,1
Lang,7,680,FAIL,1
Lang,7,681,LIVE,0
Lang,7,682,LIVE,0
Lang,7,683,FAIL,1
Lang,7,684,UNCOV,0
Lang,7,685,UNCOV,0
Lang,7,686,UNCOV,0
Lang,7,687,LIVE,0
Lang,7,688,LIVE,0
Lang,7,689,FAIL,1
Lang,7,690,LIVE,0
Lang,7,691,LIVE,0
Lang,7,692,FAIL,1
Lang,7,693,LIVE,0
Lang,7,694,FAIL,1
Lang,7,695,FAIL,1
Lang,7,696,FAIL,1
Lang,7,697,FAIL,1
Lang,7,698,FAIL,1
Lang,7,699,LIVE,0
Lang,7,700,FAIL,1
Lang,7,701,LIVE,0
Lang,7,702,FAIL,1
Lang,7,703,FAIL,1
Lang,7,704,FAIL,1
Lang,7,705,LIVE,0
Lang,7,706,FAIL,1
Lang,7,707,FAIL,1
Lang,7,708,FAIL,1
Lang,7,709,FAIL,1
Lang,7,710,FAIL,1
Lang,7,711,FAIL,1
Lang,7,712,LIVE,0
Lang,7,713,FAIL,1
Lang,7,714,FAIL,1
Lang,7,715,LIVE,0
Lang,7,716,LIVE,0
Lang,7,717,LIVE,0
Lang,7,718,LIVE,0
Lang,7,719,LIVE,0
Lang,7,720,LIVE,0
Lang,7,721,LIVE,0
Lang,7,722,LIVE,0
Lang,7,723,LIVE,0
Lang,7,724,LIVE,0
Lang,7,725,LIVE,0
Lang,7,726,LIVE,0
Lang,7,727,LIVE,0
Lang,7,728,EXC,1
Lang,7,729,LIVE,0
Lang,7,730,LIVE,0
Lang,7,731,EXC,1
Lang,7,732,LIVE,0
Lang,7,733,LIVE,0
Lang,7,734,FAIL,1
Lang,7,735,EXC,1
Lang,7,736,FAIL,1
Lang,7,737,FAIL,1
Lang,7,738,FAIL,1
Lang,7,739,LIVE,0
Lang,7,740,FAIL,1
Lang,7,741,FAIL,1
Lang,7,742,LIVE,0
Lang,7,743,FAIL,1
Lang,7,744,FAIL,1
Lang,7,745,FAIL,1
Lang,7,746,FAIL,1
Lang,7,747,FAIL,1
Lang,7,748,FAIL,1
Lang,7,749,FAIL,1
Lang,7,750,FAIL,1
Lang,7,751,FAIL,1
Lang,7,752,FAIL,1
Lang,7,753,LIVE,0
Lang,7,754,FAIL,1
Lang,7,755,FAIL,1
Lang,7,756,FAIL,1
Lang,7,757,FAIL,1
Lang,7,758,FAIL,1
Lang,7,759,FAIL,1
Lang,7,760,FAIL,1
Lang,7,761,LIVE,0
Lang,7,762,LIVE,0
Lang,7,763,FAIL,1
Lang,7,764,FAIL,1
Lang,7,765,FAIL,1
Lang,7,766,LIVE,0
Lang,7,767,FAIL,1
Lang,7,768,LIVE,0
Lang,7,769,FAIL,1
Lang,7,770,LIVE,0
Lang,7,771,FAIL,1
Lang,7,772,UNCOV,0
Lang,7,773,FAIL,1
Lang,7,774,LIVE,0
Lang,7,775,UNCOV,0
Lang,7,776,FAIL,1
Lang,7,777,FAIL,1
Lang,7,778,FAIL,1
Lang,7,779,FAIL,1
Lang,7,780,LIVE,0
Lang,7,781,LIVE,0
Lang,7,782,FAIL,1
Lang,7,783,LIVE,0
Lang,7,784,LIVE,0
Lang,7,785,FAIL,1
Lang,7,786,LIVE,0
Lang,7,787,FAIL,1
Lang,7,788,FAIL,1
Lang,7,789,LIVE,0
Lang,7,790,FAIL,1
Lang,7,791,FAIL,1
Lang,7,792,FAIL,1
Lang,7,793,FAIL,1
Lang,7,794,FAIL,1
Lang,7,795,FAIL,1
Lang,7,796,FAIL,1
Lang,7,797,FAIL,1
Lang,7,798,TIME,1
Lang,7,799,LIVE,0
Lang,7,800,LIVE,0
Lang,7,801,FAIL,1
Lang,7,802,FAIL,1
Lang,7,803,FAIL,1
Lang,7,804,FAIL,1
Lang,7,805,LIVE,0
Lang,7,806,FAIL,1
Lang,7,807,FAIL,1
Lang,7,808,LIVE,0
Lang,7,809,FAIL,1
Lang,7,810,FAIL,1
Lang,7,811,FAIL,1
Lang,7,812,FAIL,1
Lang,7,813,FAIL,1
Lang,7,814,LIVE,0
Lang,7,815,LIVE,0
Lang,7,816,FAIL,1
Lang,7,817,FAIL,1
Lang,7,818,LIVE,0
Lang,7,819,LIVE,0
Lang,7,820,LIVE,0
Lang,7,821,LIVE,0
Lang,7,822,FAIL,1
Lang,7,823,FAIL,1
Lang,7,824,FAIL,1
Lang,7,825,FAIL,1
Lang,7,826,FAIL,1
Lang,7,827,LIVE,0
Lang,7,828,LIVE,0
Lang,7,829,LIVE,0
Lang,7,830,FAIL,1
Lang,7,831,UNCOV,0
Lang,7,832,FAIL,1
Lang,7,833,FAIL,1
Lang,7,834,LIVE,0
Lang,7,835,FAIL,1
Lang,7,836,FAIL,1
Lang,7,837,FAIL,1
Lang,7,838,LIVE,0
Lang,7,839,FAIL,1
Lang,7,840,LIVE,0
Lang,7,841,FAIL,1
Lang,7,842,FAIL,1
Lang,7,843,FAIL,1
Lang,7,844,LIVE,0
Lang,7,845,LIVE,0
Lang,7,846,LIVE,0
Lang,7,847,FAIL,1
Lang,7,848,FAIL,1
Lang,7,849,FAIL,1
Lang,7,850,FAIL,1
Lang,7,851,FAIL,1
Lang,7,852,LIVE,0
Lang,7,853,FAIL,1
Lang,7,854,FAIL,1
Lang,7,855,FAIL,1
Lang,7,856,LIVE,0
Lang,7,857,FAIL,1
Lang,7,858,FAIL,1
Lang,7,859,FAIL,1
Lang,7,860,FAIL,1
Lang,7,861,FAIL,1
Lang,7,862,LIVE,0
Lang,7,863,FAIL,1
Lang,7,864,FAIL,1
Lang,7,865,FAIL,1
Lang,7,866,LIVE,0
Lang,7,867,FAIL,1
Lang,7,868,LIVE,0
Lang,7,869,FAIL,1
Lang,7,870,LIVE,0
Lang,7,871,FAIL,1
Lang,7,872,FAIL,1
Lang,7,873,LIVE,0
Lang,7,874,LIVE,0
Lang,7,875,FAIL,1
Lang,7,876,FAIL,1
Lang,7,877,FAIL,1
Lang,7,878,FAIL,1
Lang,7,879,UNCOV,0
Lang,7,880,UNCOV,0
Lang,7,881,UNCOV,0
Lang,7,882,UNCOV,0
Lang,8,1,EXC,1
Lang,8,2,EXC,1
Lang,8,3,LIVE,0
Lang,8,4,LIVE,0
Lang,8,5,LIVE,0
Lang,8,6,EXC,1
Lang,8,7,LIVE,0
Lang,8,8,LIVE,0
Lang,8,9,EXC,1
Lang,8,10,LIVE,0
Lang,8,11,LIVE,0
Lang,8,12,EXC,1
Lang,8,13,EXC,1
Lang,8,14,FAIL,1
Lang,8,15,EXC,1
Lang,8,16,EXC,1
Lang,8,17,EXC,1
Lang,8,18,FAIL,1
Lang,8,19,EXC,1
Lang,8,20,EXC,1
Lang,8,21,TIME,1
Lang,8,22,EXC,1
Lang,8,23,EXC,1
Lang,8,24,FAIL,1
Lang,8,25,FAIL,1
Lang,8,26,LIVE,0
Lang,8,27,LIVE,0
Lang,8,28,FAIL,1
Lang,8,29,LIVE,0
Lang,8,30,EXC,1
Lang,8,31,EXC,1
Lang,8,32,FAIL,1
Lang,8,33,FAIL,1
Lang,8,34,FAIL,1
Lang,8,35,FAIL,1
Lang,8,36,FAIL,1
Lang,8,37,LIVE,0
Lang,8,38,LIVE,0
Lang,8,39,LIVE,0
Lang,8,40,LIVE,0
Lang,8,41,LIVE,0
Lang,8,42,EXC,1
Lang,8,43,EXC,1
Lang,8,44,FAIL,1
Lang,8,45,FAIL,1
Lang,8,46,LIVE,0
Lang,8,47,FAIL,1
Lang,8,48,FAIL,1
Lang,8,49,FAIL,1
Lang,8,50,FAIL,1
Lang,8,51,FAIL,1
Lang,8,52,LIVE,0
Lang,8,53,FAIL,1
Lang,8,54,FAIL,1
Lang,8,55,FAIL,1
Lang,8,56,FAIL,1
Lang,8,57,LIVE,0
Lang,8,58,FAIL,1
Lang,8,59,FAIL,1
Lang,8,60,FAIL,1
Lang,8,61,LIVE,0
Lang,8,62,FAIL,1
Lang,8,63,FAIL,1
Lang,8,64,FAIL,1
Lang,8,65,FAIL,1
Lang,8,66,LIVE,0
Lang,8,67,FAIL,1
Lang,8,68,FAIL,1
Lang,8,69,FAIL,1
Lang,8,70,FAIL,1
Lang,8,71,LIVE,0
Lang,8,72,FAIL,1
Lang,8,73,FAIL,1
Lang,8,74,FAIL,1
Lang,8,75,EXC,1
Lang,8,76,LIVE,0
Lang,8,77,LIVE,0
Lang,8,78,LIVE,0
Lang,8,79,FAIL,1
Lang,8,80,LIVE,0
Lang,8,81,EXC,1
Lang,8,82,EXC,1
Lang,8,83,FAIL,1
Lang,8,84,EXC,1
Lang,8,85,EXC,1
Lang,8,86,TIME,1
Lang,8,87,LIVE,0
Lang,8,88,EXC,1
Lang,8,89,TIME,1
Lang,8,90,TIME,1
Lang,8,91,LIVE,0
Lang,8,92,TIME,1
Lang,8,93,LIVE,0
Lang,8,94,EXC,1
Lang,8,95,TIME,1
Lang,8,96,TIME,1
Lang,8,97,EXC,1
Lang,8,98,TIME,1
Lang,8,99,TIME,1
Lang,8,100,LIVE,0
Lang,8,101,TIME,1
Lang,8,102,LIVE,0
Lang,8,103,EXC,1
Lang,8,104,TIME,1
Lang,8,105,TIME,1
Lang,8,106,EXC,1
Lang,8,107,FAIL,1
Lang,8,108,EXC,1
Lang,8,109,EXC,1
Lang,8,110,EXC,1
Lang,8,111,EXC,1
Lang,8,112,EXC,1
Lang,8,113,EXC,1
Lang,8,114,LIVE,0
Lang,8,115,EXC,1
Lang,8,116,FAIL,1
Lang,8,117,FAIL,1
Lang,8,118,EXC,1
Lang,8,119,FAIL,1
Lang,8,120,FAIL,1
Lang,8,121,EXC,1
Lang,8,122,FAIL,1
Lang,8,123,FAIL,1
Lang,8,124,FAIL,1
Lang,8,125,FAIL,1
Lang,8,126,FAIL,1
Lang,8,127,TIME,1
Lang,8,128,EXC,1
Lang,8,129,FAIL,1
Lang,8,130,LIVE,0
Lang,8,131,EXC,1
Lang,8,132,FAIL,1
Lang,8,133,FAIL,1
Lang,8,134,FAIL,1
Lang,8,135,FAIL,1
Lang,8,136,EXC,1
Lang,8,137,EXC,1
Lang,8,138,EXC,1
Lang,8,139,EXC,1
Lang,8,140,EXC,1
Lang,8,141,EXC,1
Lang,8,142,EXC,1
Lang,8,143,LIVE,0
Lang,8,144,EXC,1
Lang,8,145,LIVE,0
Lang,8,146,FAIL,1
Lang,8,147,EXC,1
Lang,8,148,FAIL,1
Lang,8,149,FAIL,1
Lang,8,150,EXC,1
Lang,8,151,FAIL,1
Lang,8,152,LIVE,0
Lang,8,153,FAIL,1
Lang,8,154,LIVE,0
Lang,8,155,EXC,1
Lang,8,156,LIVE,0
Lang,8,157,FAIL,1
Lang,8,158,EXC,1
Lang,8,159,EXC,1
Lang,8,160,LIVE,0
Lang,8,161,EXC,1
Lang,8,162,FAIL,1
Lang,8,163,LIVE,0
Lang,8,164,TIME,1
Lang,8,165,FAIL,1
Lang,8,166,FAIL,1
Lang,8,167,LIVE,0
Lang,8,168,FAIL,1
Lang,8,169,LIVE,0
Lang,8,170,TIME,1
Lang,8,171,FAIL,1
Lang,8,172,FAIL,1
Lang,8,173,TIME,1
Lang,8,174,FAIL,1
Lang,8,175,FAIL,1
Lang,8,176,LIVE,0
Lang,8,177,FAIL,1
Lang,8,178,LIVE,0
Lang,8,179,TIME,1
Lang,8,180,FAIL,1
Lang,8,181,FAIL,1
Lang,8,182,TIME,1
Lang,8,183,EXC,1
Lang,8,184,FAIL,1
Lang,8,185,TIME,1
Lang,8,186,EXC,1
Lang,8,187,FAIL,1
Lang,8,188,FAIL,1
Lang,8,189,EXC,1
Lang,8,190,EXC,1
Lang,8,191,FAIL,1
Lang,8,192,UNCOV,0
Lang,8,193,FAIL,1
Lang,8,194,FAIL,1
Lang,8,195,FAIL,1
Lang,8,196,FAIL,1
Lang,8,197,EXC,1
Lang,8,198,FAIL,1
Lang,8,199,EXC,1
Lang,8,200,FAIL,1
Lang,8,201,LIVE,0
Lang,8,202,FAIL,1
Lang,8,203,LIVE,0
Lang,8,204,FAIL,1
Lang,8,205,LIVE,0
Lang,8,206,FAIL,1
Lang,8,207,LIVE,0
Lang,8,208,FAIL,1
Lang,8,209,LIVE,0
Lang,8,210,LIVE,0
Lang,8,211,LIVE,0
Lang,8,212,LIVE,0
Lang,8,213,LIVE,0
Lang,8,214,LIVE,0
Lang,8,215,LIVE,0
Lang,8,216,LIVE,0
Lang,8,217,LIVE,0
Lang,8,218,LIVE,0
Lang,8,219,LIVE,0
Lang,8,220,LIVE,0
Lang,8,221,LIVE,0
Lang,8,222,LIVE,0
Lang,8,223,LIVE,0
Lang,8,224,LIVE,0
Lang,8,225,LIVE,0
Lang,8,226,LIVE,0
Lang,8,227,LIVE,0
Lang,8,228,LIVE,0
Lang,8,229,EXC,1
Lang,8,230,EXC,1
Lang,8,231,LIVE,0
Lang,8,232,LIVE,0
Lang,8,233,FAIL,1
Lang,8,234,FAIL,1
Lang,8,235,LIVE,0
Lang,8,236,LIVE,0
Lang,8,237,LIVE,0
Lang,8,238,EXC,1
Lang,8,239,LIVE,0
Lang,8,240,LIVE,0
Lang,8,241,EXC,1
Lang,8,242,LIVE,0
Lang,8,243,LIVE,0
Lang,8,244,LIVE,0
Lang,8,245,LIVE,0
Lang,8,246,FAIL,1
Lang,8,247,LIVE,0
Lang,8,248,EXC,1
Lang,8,249,FAIL,1
Lang,8,250,FAIL,1
Lang,8,251,FAIL,1
Lang,8,252,FAIL,1
Lang,8,253,FAIL,1
Lang,8,254,FAIL,1
Lang,8,255,FAIL,1
Lang,8,256,FAIL,1
Lang,8,257,FAIL,1
Lang,8,258,FAIL,1
Lang,8,259,FAIL,1
Lang,8,260,LIVE,0
Lang,8,261,LIVE,0
Lang,8,262,FAIL,1
Lang,8,263,LIVE,0
Lang,8,264,LIVE,0
Lang,8,265,EXC,1
Lang,8,266,FAIL,1
Lang,8,267,FAIL,1
Lang,8,268,FAIL,1
Lang,8,269,FAIL,1
Lang,8,270,FAIL,1
Lang,8,271,FAIL,1
Lang,8,272,FAIL,1
Lang,8,273,FAIL,1
Lang,8,274,FAIL,1
Lang,8,275,FAIL,1
Lang,8,276,EXC,1
Lang,8,277,FAIL,1
Lang,8,278,FAIL,1
Lang,8,279,LIVE,0
Lang,8,280,FAIL,1
Lang,8,281,FAIL,1
Lang,8,282,FAIL,1
Lang,8,283,FAIL,1
Lang,8,284,FAIL,1
Lang,8,285,FAIL,1
Lang,8,286,FAIL,1
Lang,8,287,LIVE,0
Lang,8,288,LIVE,0
Lang,8,289,FAIL,1
Lang,8,290,FAIL,1
Lang,8,291,FAIL,1
Lang,8,292,FAIL,1
Lang,8,293,FAIL,1
Lang,8,294,FAIL,1
Lang,8,295,FAIL,1
Lang,8,296,FAIL,1
Lang,8,297,FAIL,1
Lang,8,298,LIVE,0
Lang,8,299,LIVE,0
Lang,8,300,FAIL,1
Lang,8,301,FAIL,1
Lang,8,302,FAIL,1
Lang,8,303,FAIL,1
Lang,8,304,FAIL,1
Lang,8,305,FAIL,1
Lang,8,306,UNCOV,0
Lang,8,307,UNCOV,0
Lang,8,308,UNCOV,0
Lang,8,309,UNCOV,0
Lang,8,310,UNCOV,0
Lang,8,311,UNCOV,0
Lang,8,312,UNCOV,0
Lang,8,313,UNCOV,0
Lang,8,314,UNCOV,0
Lang,8,315,UNCOV,0
Lang,8,316,UNCOV,0
Lang,8,317,UNCOV,0
Lang,8,318,UNCOV,0
Lang,8,319,UNCOV,0
Lang,8,320,UNCOV,0
Lang,8,321,UNCOV,0
Lang,8,322,UNCOV,0
Lang,8,323,UNCOV,0
Lang,8,324,UNCOV,0
Lang,8,325,UNCOV,0
Lang,8,326,UNCOV,0
Lang,8,327,LIVE,0
Lang,8,328,LIVE,0
Lang,8,329,EXC,1
Lang,8,330,EXC,1
Lang,8,331,LIVE,0
Lang,8,332,LIVE,0
Lang,8,333,LIVE,0
Lang,8,334,FAIL,1
Lang,8,335,FAIL,1
Lang,8,336,FAIL,1
Lang,8,337,FAIL,1
Lang,8,338,FAIL,1
Lang,8,339,FAIL,1
Lang,8,340,FAIL,1
Lang,8,341,FAIL,1
Lang,8,342,FAIL,1
Lang,8,343,FAIL,1
Lang,8,344,TIME,1
Lang,8,345,FAIL,1
Lang,8,346,EXC,1
Lang,8,347,FAIL,1
Lang,8,348,FAIL,1
Lang,8,349,FAIL,1
Lang,8,350,FAIL,1
Lang,8,351,FAIL,1
Lang,8,352,FAIL,1
Lang,8,353,FAIL,1
Lang,8,354,FAIL,1
Lang,8,355,FAIL,1
Lang,8,356,FAIL,1
Lang,8,357,EXC,1
Lang,8,358,FAIL,1
Lang,8,359,FAIL,1
Lang,8,360,FAIL,1
Lang,8,361,FAIL,1
Lang,8,362,FAIL,1
Lang,8,363,FAIL,1
Lang,8,364,FAIL,1
Lang,8,365,FAIL,1
Lang,8,366,FAIL,1
Lang,8,367,LIVE,0
Lang,8,368,LIVE,0
Lang,8,369,FAIL,1
Lang,8,370,FAIL,1
Lang,8,371,LIVE,0
Lang,8,372,FAIL,1
Lang,8,373,FAIL,1
Lang,8,374,LIVE,0
Lang,8,375,LIVE,0
Lang,8,376,LIVE,0
Lang,8,377,LIVE,0
Lang,8,378,EXC,1
Lang,8,379,LIVE,0
Lang,8,380,LIVE,0
Lang,8,381,FAIL,1
Lang,8,382,TIME,1
Lang,8,383,FAIL,1
Lang,8,384,FAIL,1
Lang,8,385,LIVE,0
Lang,8,386,EXC,1
Lang,8,387,FAIL,1
Lang,8,388,FAIL,1
Lang,8,389,FAIL,1
Lang,8,390,FAIL,1
Lang,8,391,LIVE,0
Lang,8,392,FAIL,1
Lang,8,393,EXC,1
Lang,8,394,FAIL,1
Lang,8,395,FAIL,1
Lang,8,396,FAIL,1
Lang,8,397,FAIL,1
Lang,8,398,FAIL,1
Lang,8,399,FAIL,1
Lang,8,400,FAIL,1
Lang,8,401,FAIL,1
Lang,8,402,FAIL,1
Lang,8,403,FAIL,1
Lang,8,404,EXC,1
Lang,8,405,FAIL,1
Lang,8,406,FAIL,1
Lang,8,407,FAIL,1
Lang,8,408,FAIL,1
Lang,8,409,FAIL,1
Lang,8,410,FAIL,1
Lang,8,411,FAIL,1
Lang,8,412,FAIL,1
Lang,8,413,FAIL,1
Lang,8,414,FAIL,1
Lang,8,415,LIVE,0
Lang,8,416,LIVE,0
Lang,8,417,EXC,1
Lang,8,418,FAIL,1
Lang,8,419,FAIL,1
Lang,8,420,FAIL,1
Lang,8,421,FAIL,1
Lang,8,422,FAIL,1
Lang,8,423,EXC,1
Lang,8,424,LIVE,0
Lang,8,425,FAIL,1
Lang,8,426,FAIL,1
Lang,8,427,FAIL,1
Lang,8,428,FAIL,1
Lang,8,429,FAIL,1
Lang,8,430,FAIL,1
Lang,8,431,FAIL,1
Lang,8,432,FAIL,1
Lang,8,433,FAIL,1
Lang,8,434,EXC,1
Lang,8,435,FAIL,1
Lang,8,436,FAIL,1
Lang,8,437,FAIL,1
Lang,8,438,FAIL,1
Lang,8,439,FAIL,1
Lang,8,440,FAIL,1
Lang,8,441,FAIL,1
Lang,8,442,FAIL,1
Lang,8,443,FAIL,1
Lang,8,444,LIVE,0
Lang,8,445,LIVE,0
Lang,8,446,FAIL,1
Lang,8,447,FAIL,1
Lang,8,448,FAIL,1
Lang,8,449,FAIL,1
Lang,8,450,FAIL,1
Lang,8,451,FAIL,1
Lang,8,452,FAIL,1
Lang,8,453,EXC,1
Lang,8,454,FAIL,1
Lang,8,455,FAIL,1
Lang,8,456,FAIL,1
Lang,8,457,FAIL,1
Lang,8,458,FAIL,1
Lang,8,459,FAIL,1
Lang,8,460,FAIL,1
Lang,8,461,FAIL,1
Lang,8,462,FAIL,1
Lang,8,463,FAIL,1
Lang,8,464,EXC,1
Lang,8,465,FAIL,1
Lang,8,466,FAIL,1
Lang,8,467,FAIL,1
Lang,8,468,FAIL,1
Lang,8,469,FAIL,1
Lang,8,470,FAIL,1
Lang,8,471,FAIL,1
Lang,8,472,FAIL,1
Lang,8,473,FAIL,1
Lang,8,474,LIVE,0
Lang,8,475,LIVE,0
Lang,8,476,LIVE,0
Lang,8,477,FAIL,1
Lang,8,478,LIVE,0
Lang,8,479,UNCOV,0
Lang,8,480,UNCOV,0
Lang,8,481,UNCOV,0
Lang,8,482,UNCOV,0
Lang,8,483,UNCOV,0
Lang,8,484,UNCOV,0
Lang,8,485,UNCOV,0
Lang,8,486,FAIL,1
Lang,8,487,UNCOV,0
Lang,8,488,UNCOV,0
Lang,8,489,UNCOV,0
Lang,8,490,UNCOV,0
Lang,8,491,UNCOV,0
Lang,8,492,UNCOV,0
Lang,8,493,UNCOV,0
Lang,8,494,UNCOV,0
Lang,8,495,UNCOV,0
Lang,8,496,UNCOV,0
Lang,8,497,UNCOV,0
Lang,8,498,UNCOV,0
Lang,8,499,UNCOV,0
Lang,8,500,UNCOV,0
Lang,8,501,UNCOV,0
Lang,8,502,LIVE,0
Lang,8,503,EXC,1
Lang,8,504,EXC,1
Lang,8,505,EXC,1
Lang,8,506,EXC,1
Lang,8,507,UNCOV,0
Lang,8,508,LIVE,0
Lang,8,509,LIVE,0
Lang,8,510,FAIL,1
Lang,8,511,FAIL,1
Lang,8,512,FAIL,1
Lang,8,513,LIVE,0
Lang,8,514,FAIL,1
Lang,8,515,FAIL,1
Lang,8,516,FAIL,1
Lang,8,517,FAIL,1
Lang,8,518,LIVE,0
Lang,8,519,FAIL,1
Lang,8,520,FAIL,1
Lang,8,521,FAIL,1
Lang,8,522,FAIL,1
Lang,8,523,FAIL,1
Lang,8,524,FAIL,1
Lang,8,525,LIVE,0
Lang,8,526,EXC,1
Lang,8,527,EXC,1
Lang,8,528,FAIL,1
Lang,8,529,FAIL,1
Lang,8,530,EXC,1
Lang,8,531,FAIL,1
Lang,8,532,LIVE,0
Lang,8,533,LIVE,0
Lang,8,534,FAIL,1
Lang,8,535,FAIL,1
Lang,8,536,FAIL,1
Lang,8,537,FAIL,1
Lang,8,538,FAIL,1
Lang,8,539,FAIL,1
Lang,8,540,FAIL,1
Lang,8,541,EXC,1
Lang,8,542,FAIL,1
Lang,8,543,EXC,1
Lang,8,544,FAIL,1
Lang,8,545,EXC,1
Lang,8,546,FAIL,1
Lang,8,547,EXC,1
Lang,8,548,FAIL,1
Lang,8,549,EXC,1
Lang,8,550,FAIL,1
Lang,8,551,FAIL,1
Lang,8,552,FAIL,1
Lang,8,553,FAIL,1
Lang,8,554,FAIL,1
Lang,8,555,FAIL,1
Lang,8,556,FAIL,1
Lang,8,557,FAIL,1
Lang,8,558,FAIL,1
Lang,8,559,EXC,1
Lang,8,560,LIVE,0
Lang,8,561,FAIL,1
Lang,8,562,FAIL,1
Lang,8,563,FAIL,1
Lang,8,564,FAIL,1
Lang,8,565,FAIL,1
Lang,8,566,FAIL,1
Lang,8,567,FAIL,1
Lang,8,568,FAIL,1
Lang,8,569,FAIL,1
Lang,8,570,EXC,1
Lang,8,571,FAIL,1
Lang,8,572,FAIL,1
Lang,8,573,FAIL,1
Lang,8,574,FAIL,1
Lang,8,575,FAIL,1
Lang,8,576,FAIL,1
Lang,8,577,FAIL,1
Lang,8,578,FAIL,1
Lang,8,579,FAIL,1
Lang,8,580,FAIL,1
Lang,8,581,FAIL,1
Lang,8,582,FAIL,1
Lang,8,583,EXC,1
Lang,8,584,FAIL,1
Lang,8,585,EXC,1
Lang,8,586,FAIL,1
Lang,8,587,FAIL,1
Lang,8,588,FAIL,1
Lang,8,589,FAIL,1
Lang,8,590,EXC,1
Lang,8,591,FAIL,1
Lang,8,592,FAIL,1
Lang,8,593,FAIL,1
Lang,8,594,FAIL,1
Lang,8,595,FAIL,1
Lang,8,596,FAIL,1
Lang,8,597,FAIL,1
Lang,8,598,FAIL,1
Lang,8,599,FAIL,1
Lang,8,600,FAIL,1
Lang,8,601,EXC,1
Lang,8,602,FAIL,1
Lang,8,603,FAIL,1
Lang,8,604,FAIL,1
Lang,8,605,EXC,1
Lang,8,606,LIVE,0
Lang,8,607,LIVE,0
Lang,8,608,LIVE,0
Lang,8,609,FAIL,1
Lang,8,610,FAIL,1
Lang,8,611,FAIL,1
Lang,8,612,FAIL,1
Lang,8,613,FAIL,1
Lang,8,614,FAIL,1
Lang,8,615,FAIL,1
Lang,8,616,EXC,1
Lang,8,617,LIVE,0
Lang,8,618,FAIL,1
Lang,8,619,FAIL,1
Lang,8,620,LIVE,0
Lang,8,621,FAIL,1
Lang,8,622,FAIL,1
Lang,8,623,FAIL,1
Lang,8,624,FAIL,1
Lang,8,625,FAIL,1
Lang,8,626,FAIL,1
Lang,8,627,FAIL,1
Lang,8,628,FAIL,1
Lang,8,629,FAIL,1
Lang,8,630,LIVE,0
Lang,8,631,LIVE,0
Lang,8,632,LIVE,0
Lang,8,633,LIVE,0
Lang,8,634,LIVE,0
Lang,8,635,LIVE,0
Lang,8,636,LIVE,0
Lang,8,637,LIVE,0
Lang,8,638,LIVE,0
Lang,8,639,LIVE,0
Lang,8,640,LIVE,0
Lang,8,641,LIVE,0
Lang,8,642,LIVE,0
Lang,8,643,LIVE,0
Lang,8,644,LIVE,0
Lang,8,645,LIVE,0
Lang,8,646,LIVE,0
Lang,8,647,LIVE,0
Lang,8,648,LIVE,0
Lang,8,649,LIVE,0
Lang,8,650,UNCOV,0
Lang,8,651,LIVE,0
Lang,8,652,LIVE,0
Lang,8,653,LIVE,0
Lang,8,654,LIVE,0
Lang,8,655,LIVE,0
Lang,8,656,LIVE,0
Lang,8,657,LIVE,0
Lang,8,658,LIVE,0
Lang,8,659,LIVE,0
Lang,8,660,LIVE,0
Lang,8,661,LIVE,0
Lang,8,662,UNCOV,0
Lang,9,1,LIVE,0
Lang,9,2,EXC,1
Lang,9,3,FAIL,1
Lang,9,4,FAIL,1
Lang,9,5,EXC,1
Lang,9,6,EXC,1
Lang,9,7,EXC,1
Lang,9,8,EXC,1
Lang,9,9,TIME,1
Lang,9,10,EXC,1
Lang,9,11,EXC,1
Lang,9,12,FAIL,1
Lang,9,13,EXC,1
Lang,9,14,FAIL,1
Lang,9,15,FAIL,1
Lang,9,16,FAIL,1
Lang,9,17,EXC,1
Lang,9,18,FAIL,1
Lang,9,19,LIVE,0
Lang,9,20,FAIL,1
Lang,9,21,EXC,1
Lang,9,22,FAIL,1
Lang,9,23,FAIL,1
Lang,9,24,FAIL,1
Lang,9,25,LIVE,0
Lang,9,26,FAIL,1
Lang,9,27,FAIL,1
Lang,9,28,FAIL,1
Lang,9,29,LIVE,0
Lang,9,30,FAIL,1
Lang,9,31,LIVE,0
Lang,9,32,LIVE,0
Lang,9,33,LIVE,0
Lang,9,34,FAIL,1
Lang,9,35,LIVE,0
Lang,9,36,LIVE,0
Lang,9,37,LIVE,0
Lang,9,38,LIVE,0
Lang,9,39,LIVE,0
Lang,9,40,LIVE,0
Lang,9,41,LIVE,0
Lang,9,42,LIVE,0
Lang,9,43,LIVE,0
Lang,9,44,LIVE,0
Lang,9,45,LIVE,0
Lang,9,46,LIVE,0
Lang,9,47,LIVE,0
Lang,9,48,LIVE,0
Lang,9,49,LIVE,0
Lang,9,50,LIVE,0
Lang,9,51,LIVE,0
Lang,9,52,LIVE,0
Lang,9,53,LIVE,0
Lang,9,54,LIVE,0
Lang,9,55,LIVE,0
Lang,9,56,LIVE,0
Lang,9,57,EXC,1
Lang,9,58,EXC,1
Lang,9,59,EXC,1
Lang,9,60,EXC,1
Lang,9,61,FAIL,1
Lang,9,62,LIVE,0
Lang,9,63,LIVE,0
Lang,9,64,UNCOV,0
Lang,9,65,UNCOV,0
Lang,9,66,LIVE,0
Lang,9,67,LIVE,0
Lang,9,68,FAIL,1
Lang,9,69,FAIL,1
Lang,9,70,FAIL,1
Lang,9,71,FAIL,1
Lang,9,72,FAIL,1
Lang,9,73,LIVE,0
Lang,9,74,FAIL,1
Lang,9,75,FAIL,1
Lang,9,76,FAIL,1
Lang,9,77,FAIL,1
Lang,9,78,FAIL,1
Lang,9,79,LIVE,0
Lang,9,80,FAIL,1
Lang,9,81,FAIL,1
Lang,9,82,FAIL,1
Lang,9,83,EXC,1
Lang,9,84,LIVE,0
Lang,9,85,EXC,1
Lang,9,86,FAIL,1
Lang,9,87,EXC,1
Lang,9,88,LIVE,0
Lang,9,89,EXC,1
Lang,9,90,LIVE,0
Lang,9,91,EXC,1
Lang,9,92,LIVE,0
Lang,9,93,EXC,1
Lang,9,94,EXC,1
Lang,9,95,EXC,1
Lang,9,96,FAIL,1
Lang,9,97,EXC,1
Lang,9,98,EXC,1
Lang,9,99,EXC,1
Lang,9,100,EXC,1
Lang,9,101,EXC,1
Lang,9,102,EXC,1
Lang,9,103,UNCOV,0
Lang,9,104,LIVE,0
Lang,9,105,EXC,1
Lang,9,106,EXC,1
Lang,9,107,EXC,1
Lang,9,108,EXC,1
Lang,9,109,EXC,1
Lang,9,110,EXC,1
Lang,9,111,EXC,1
Lang,9,112,EXC,1
Lang,9,113,EXC,1
Lang,9,114,EXC,1
Lang,9,115,EXC,1
Lang,9,116,EXC,1
Lang,9,117,EXC,1
Lang,9,118,EXC,1
Lang,9,119,EXC,1
Lang,9,120,EXC,1
Lang,9,121,EXC,1
Lang,9,122,EXC,1
Lang,9,123,EXC,1
Lang,9,124,EXC,1
Lang,9,125,EXC,1
Lang,9,126,EXC,1
Lang,9,127,EXC,1
Lang,9,128,EXC,1
Lang,9,129,EXC,1
Lang,9,130,EXC,1
Lang,9,131,EXC,1
Lang,9,132,FAIL,1
Lang,9,133,FAIL,1
Lang,9,134,FAIL,1
Lang,9,135,FAIL,1
Lang,9,136,EXC,1
Lang,9,137,FAIL,1
Lang,9,138,FAIL,1
Lang,9,139,FAIL,1
Lang,9,140,FAIL,1
Lang,9,141,FAIL,1
Lang,9,142,FAIL,1
Lang,9,143,FAIL,1
Lang,9,144,FAIL,1
Lang,9,145,FAIL,1
Lang,9,146,FAIL,1
Lang,9,147,FAIL,1
Lang,9,148,LIVE,0
Lang,9,149,FAIL,1
Lang,9,150,FAIL,1
Lang,9,151,LIVE,0
Lang,9,152,LIVE,0
Lang,9,153,FAIL,1
Lang,9,154,UNCOV,0
Lang,9,155,UNCOV,0
Lang,9,156,UNCOV,0
Lang,9,157,UNCOV,0
Lang,9,158,UNCOV,0
Lang,9,159,UNCOV,0
Lang,9,160,EXC,1
Lang,9,161,EXC,1
Lang,9,162,EXC,1
Lang,9,163,EXC,1
Lang,9,164,EXC,1
Lang,9,165,EXC,1
Lang,9,166,EXC,1
Lang,9,167,EXC,1
Lang,9,168,EXC,1
Lang,9,169,LIVE,0
Lang,9,170,EXC,1
Lang,9,171,LIVE,0
Lang,9,172,LIVE,0
Lang,9,173,EXC,1
Lang,9,174,LIVE,0
Lang,9,175,EXC,1
Lang,9,176,EXC,1
Lang,9,177,LIVE,0
Lang,9,178,EXC,1
Lang,9,179,LIVE,0
Lang,9,180,LIVE,0
Lang,9,181,FAIL,1
Lang,9,182,FAIL,1
Lang,9,183,FAIL,1
Lang,9,184,LIVE,0
Lang,9,185,FAIL,1
Lang,9,186,FAIL,1
Lang,9,187,FAIL,1
Lang,9,188,FAIL,1
Lang,9,189,FAIL,1
Lang,9,190,FAIL,1
Lang,9,191,EXC,1
Lang,9,192,EXC,1
Lang,9,193,EXC,1
Lang,9,194,EXC,1
Lang,9,195,EXC,1
Lang,9,196,EXC,1
Lang,9,197,EXC,1
Lang,9,198,LIVE,0
Lang,9,199,LIVE,0
Lang,9,200,EXC,1
Lang,9,201,LIVE,0
Lang,9,202,EXC,1
Lang,9,203,FAIL,1
Lang,9,204,FAIL,1
Lang,9,205,UNCOV,0
Lang,9,206,EXC,1
Lang,9,207,LIVE,0
Lang,9,208,EXC,1
Lang,9,209,EXC,1
Lang,9,210,EXC,1
Lang,9,211,EXC,1
Lang,9,212,EXC,1
Lang,9,213,EXC,1
Lang,9,214,EXC,1
Lang,9,215,EXC,1
Lang,9,216,EXC,1
Lang,9,217,LIVE,0
Lang,9,218,LIVE,0
Lang,9,219,EXC,1
Lang,9,220,LIVE,0
Lang,9,221,EXC,1
Lang,9,222,EXC,1
Lang,9,223,LIVE,0
Lang,9,224,UNCOV,0
Lang,9,225,UNCOV,0
Lang,9,226,UNCOV,0
Lang,9,227,UNCOV,0
Lang,9,228,UNCOV,0
Lang,9,229,UNCOV,0
Lang,9,230,UNCOV,0
Lang,9,231,UNCOV,0
Lang,9,232,UNCOV,0
Lang,9,233,FAIL,1
Lang,9,234,EXC,1
Lang,9,235,EXC,1
Lang,9,236,EXC,1
Lang,9,237,EXC,1
Lang,9,238,FAIL,1
Lang,9,239,FAIL,1
Lang,9,240,FAIL,1
Lang,9,241,FAIL,1
Lang,9,242,FAIL,1
Lang,9,243,FAIL,1
Lang,9,244,LIVE,0
Lang,9,245,FAIL,1
Lang,9,246,FAIL,1
Lang,9,247,FAIL,1
Lang,9,248,LIVE,0
Lang,9,249,LIVE,0
Lang,9,250,LIVE,0
Lang,9,251,LIVE,0
Lang,9,252,LIVE,0
Lang,9,253,LIVE,0
Lang,9,254,LIVE,0
Lang,9,255,LIVE,0
Lang,9,256,LIVE,0
Lang,9,257,LIVE,0
Lang,9,258,LIVE,0
Lang,9,259,LIVE,0
Lang,9,260,EXC,1
Lang,9,261,LIVE,0
Lang,9,262,LIVE,0
Lang,9,263,EXC,1
Lang,9,264,EXC,1
Lang,9,265,EXC,1
Lang,9,266,EXC,1
Lang,9,267,EXC,1
Lang,9,268,EXC,1
Lang,9,269,EXC,1
Lang,9,270,LIVE,0
Lang,9,271,FAIL,1
Lang,9,272,LIVE,0
Lang,9,273,LIVE,0
Lang,9,274,FAIL,1
Lang,9,275,LIVE,0
Lang,9,276,FAIL,1
Lang,9,277,LIVE,0
Lang,9,278,FAIL,1
Lang,9,279,FAIL,1
Lang,9,280,LIVE,0
Lang,9,281,FAIL,1
Lang,9,282,FAIL,1
Lang,9,283,LIVE,0
Lang,9,284,FAIL,1
Lang,9,285,LIVE,0
Lang,9,286,FAIL,1
Lang,9,287,EXC,1
Lang,9,288,LIVE,0
Lang,9,289,UNCOV,0
Lang,9,290,LIVE,0
Lang,9,291,FAIL,1
Lang,9,292,FAIL,1
Lang,9,293,FAIL,1
Lang,9,294,FAIL,1
Lang,9,295,FAIL,1
Lang,9,296,FAIL,1
Lang,9,297,FAIL,1
Lang,9,298,FAIL,1
Lang,9,299,FAIL,1
Lang,9,300,FAIL,1
Lang,9,301,FAIL,1
Lang,9,302,EXC,1
Lang,9,303,FAIL,1
Lang,9,304,FAIL,1
Lang,9,305,FAIL,1
Lang,9,306,FAIL,1
